"Species","Dataset","L.Occ","R.Occ","Fire.Included","Type","Mod.ID","deltaAIC","Weight","Rsquared","Intercept","Data.Type","Elevation.m","Fires","Data.Type.Elevation.m","Elevation.m.Fires","Data.Type.Fires","Elevation.m2","Data.Type.Elevation.m2","Elevation.m2.Fires","Data.Type.Elevation.m.Fires","Data.Type.Elevation.m2.Fires"
"ACCI",1,72,58,"No","Unavg","Mod.15",1.92061118575009,0.165841792002853,0.245193881681994,-2.53838911788208,-0.121359522054826,0.00746026590776573,NA,-0.000269489359402305,NA,NA,-6.21746186745406e-06,NA,NA,NA,NA
"ACCI",1,72,58,"No","Unavg","Mod.6",0.155268647260982,0.400897403490636,0.241939691915208,-2.59215938571371,NA,0.00729894807554501,NA,NA,NA,NA,-6.18555888307157e-06,NA,NA,NA,NA
"ACCI",1,72,58,"No","Unavg","Mod.7",0,0.433260804506511,0.245078272792767,-2.44080756975327,-0.314787127707714,0.00731146572675171,NA,NA,NA,NA,-6.19941019525826e-06,NA,NA,NA,NA
"ACCI",1,72,58,"No","Avg",NA,NA,NA,NA,-2.5176672185935,-0.15651140481312,0.00733112472155486,0,-4.46925982889792e-05,0,0,-6.19685096183328e-06,0,0,0,0
"ACGL",1,15,14,"No","Unavg","Mod.6",0,0.727898138210292,0.0651197343902853,-4.00012116050012,NA,0.00389152325790849,NA,NA,NA,NA,-2.74298776290735e-06,NA,NA,NA,NA
"ACGL",1,15,14,"No","Unavg","Mod.7",1.96796926060162,0.272101861789708,0.0652507445185456,-3.96611256278945,-0.0684237155118151,0.00389066361584039,NA,NA,NA,NA,-2.74257788755581e-06,NA,NA,NA,NA
"ACGL",1,15,14,"No","Avg",NA,NA,NA,NA,-3.99086735774619,-0.0186182203813342,0.00389128934770129,0,0,0,0,-2.7428762350611e-06,0,0,0,0
"ACMI",1,10,20,"Yes","Unavg","Mod.219",0,0.412843359868385,0.120658849632553,-2.8137365743762,-2.76906953893275,-0.000744462637717693,1.4939431995891,0.00247067382366566,-0.00205051738333847,3.31335252009674,NA,NA,NA,NA,NA
"ACMI",1,10,20,"Yes","Unavg","Mod.223",1.67533592782647,0.17864494404598,0.121953129450668,-3.36059977606249,-3.08024822740692,0.000470285532245753,1.66582301483275,0.00272784914385253,-0.00222542008248314,3.42148007187662,-5.60558005307015e-07,NA,NA,NA,NA
"ACMI",1,10,20,"Yes","Unavg","Mod.479",1.926691841115,0.157546763693332,0.128924134081226,-4.54386571823943,-3.63974670217604,0.00298679432682679,4.47472535229697,0.0031877319668206,-0.0086811133592001,3.87536231416197,-1.70259624786107e-06,NA,2.65179048223554e-06,NA,NA
"ACMI",1,10,20,"Yes","Unavg","Mod.731",0.995510058610591,0.250964932392303,0.124663268877148,-2.92008028534595,-2.52426449376441,-0.000634634330505601,5.86146442290646,0.00226455872287718,-0.0114263339265203,-1.28908252890787,NA,NA,NA,0.00956065712288002,NA
"ACMI",1,10,20,"Yes","Avg",NA,NA,NA,NA,-3.21069571006329,-2.90039492600423,8.79564941018156e-05,3.09035590953169,0.00257785942185005,-0.00547939296847795,2.26616198383981,-3.68379382219519e-07,0,4.17781008468989e-07,0.00239938966846957,0
"AMAL",1,42,42,"Yes","Unavg","Mod.14",1.22030345409797,0.284249300735539,0.114156402567304,-2.96155252306739,NA,0.0045863139428511,0.346953182397235,NA,NA,NA,-3.3436466795e-06,NA,NA,NA,NA
"AMAL",1,42,42,"Yes","Unavg","Mod.6",0,0.523220718868799,0.112665295042939,-2.8397737367125,NA,0.0044025912445961,NA,NA,NA,NA,-3.2597438800373e-06,NA,NA,NA,NA
"AMAL",1,42,42,"Yes","Unavg","Mod.7",1.99950303145386,0.192529980395662,0.112666245455689,-2.8424754288968,0.00534087365237409,0.00440267364839099,NA,NA,NA,NA,-3.25978691158297e-06,NA,NA,NA,NA
"AMAL",1,42,42,"Yes","Avg",NA,NA,NA,NA,-2.87490942832157,0.00102827829958729,0.00445483015830535,0.0986211994843839,0,0,0,-3.28360147697697e-06,0,0,0,0
"ARUV",1,42,29,"Yes","Unavg","Mod.159",0,0.456364233119125,0.0695191804676215,-2.72865459750529,-1.8478140465514,0.00240089006305882,2.70381720307265,0.00143638965293029,-0.00167776013914698,NA,-1.58685433930715e-06,NA,NA,NA,NA
"ARUV",1,42,29,"Yes","Unavg","Mod.191",1.62436539005586,0.202574668616617,0.0703231994955101,-3.14751810112511,-0.936359470010442,0.00336030747840872,2.69557712843077,-0.000545290355451741,-0.00167244844578399,NA,-2.05422075663739e-06,9.17638470866821e-07,NA,NA,NA
"ARUV",1,42,29,"Yes","Unavg","Mod.223",1.95706271940332,0.171530293212724,0.0696110846470864,-2.72342811097837,-1.90433984841941,0.0024177291773937,2.66419207667888,0.00146686905558477,-0.00170852136869979,0.14885831962107,-1.59769848280825e-06,NA,NA,NA,NA
"ARUV",1,42,29,"Yes","Unavg","Mod.415",1.98051319298685,0.169530805051534,0.0695608905848913,-2.77950190492633,-1.85218774244449,0.00251023845410305,2.93545835823856,0.00144021245569063,-0.00223015401836084,NA,-1.63715287753693e-06,NA,2.67900940496695e-07,NA,NA
"ARUV",1,42,29,"Yes","Avg",NA,NA,NA,NA,-2.82122941714203,-1.67361380130383,0.00261667006702246,2.73462137465212,0.00104082770563191,-0.00177560838639762,0.0255337112117556,-1.69191818721375e-06,1.85890309145705e-07,4.54174621164678e-08,0,0
"ATFI",1,24,30,"No","Unavg","Mod.2",1.67522403288137,0.219211157574696,0.0687580476877379,-0.88714787297161,NA,-0.00173115923792189,NA,NA,NA,NA,NA,NA,NA,NA,NA
"ATFI",1,24,30,"No","Unavg","Mod.6",0,0.506562378239378,0.0782741196849611,-2.34898997473962,NA,0.00181270914646365,NA,NA,NA,NA,-1.80400460473913e-06,NA,NA,NA,NA
"ATFI",1,24,30,"No","Unavg","Mod.7",1.22738638984129,0.274226464185926,0.0802746090903759,-2.48253717797899,0.253556498467241,0.00181567908389549,NA,NA,NA,NA,-1.80629790351768e-06,NA,NA,NA,NA
"ATFI",1,24,30,"No","Avg",NA,NA,NA,NA,-2.06516005276588,0.0695319020460358,0.00103666809107092,0,0,0,0,-1.40917555027955e-06,0,0,0,0
"CAME",1,32,28,"No","Unavg","Mod.6",0,0.689963310797923,0.402262926207377,-28.2267834517012,NA,0.0264473021356972,NA,NA,NA,NA,-6.16642472400028e-06,NA,NA,NA,NA
"CAME",1,32,28,"No","Unavg","Mod.7",1.59989556136014,0.310036689202077,0.403224793639,-28.1382222995468,-0.20019821038914,0.0264501781207582,NA,NA,NA,NA,-6.1649722144636e-06,NA,NA,NA,NA
"CAME",1,32,28,"No","Avg",NA,NA,NA,NA,-28.1993262452953,-0.0620687903332297,0.0264481937965837,0,0,0,0,-6.16597439275249e-06,0,0,0,0
"CARU",1,33,21,"Yes","Unavg","Mod.127",1.90825842524566,0.123418066209803,0.151908175193265,-5.61025331853218,-2.22520984870757,0.00716280688734621,2.77100045109703,0.00276918227180324,NA,-1.30257546470772,-3.76674810304129e-06,-6.70875005751147e-07,NA,NA,NA
"CARU",1,33,21,"Yes","Unavg","Mod.223",1.31509259035244,0.166028659633153,0.153444029535922,-5.66186957891018,-1.61935760215269,0.00761913054494145,2.1270839678089,0.00145939039464864,0.000718719181228677,-1.47022498786829,-4.15200045269272e-06,NA,NA,NA,NA
"CARU",1,33,21,"Yes","Unavg","Mod.31",1.77533937199115,0.131899072918306,0.141895337777346,-5.62971557339978,-1.83741891178537,0.00752151807956705,2.22923221008924,0.00128286471268863,NA,NA,-3.93577363530709e-06,NA,NA,NA,NA
"CARU",1,33,21,"Yes","Unavg","Mod.79",0.431863432638693,0.258210463067616,0.14537393218439,-6.24588930974867,-0.179131126654123,0.00795358058348574,2.77637222131527,NA,NA,-1.34950282359676,-3.89426212383349e-06,NA,NA,NA,NA
"CARU",1,33,21,"Yes","Unavg","Mod.95",0,0.320443738171122,0.151670633366511,-5.88310676573035,-1.50681819756572,0.00774569646126898,2.80374796216876,0.00130923894561777,NA,-1.35979201025059,-4.04587562113963e-06,NA,NA,NA,NA
"CARU",1,33,21,"Yes","Avg",NA,NA,NA,NA,-5.87295219265946,-1.31494870675313,0.00767685272254566,2.60451391387467,0.00117281384024965,0.000119327982312034,-1.1890534129334,-3.97537546496205e-06,-8.27980958782968e-08,0,0,0
"CEVE",1,26,23,"Yes","Unavg","Mod.14",0,0.543416084769508,0.160509390615162,-7.69878804449631,NA,0.0101844399593917,2.45694340829853,NA,NA,NA,-4.8281993004789e-06,NA,NA,NA,NA
"CEVE",1,26,23,"Yes","Unavg","Mod.142",1.68346526580439,0.234192321346472,0.161387866254081,-7.52666225318606,NA,0.0100757297030677,1.9472712495115,NA,0.000502858325459028,NA,-4.88339865064081e-06,NA,NA,NA,NA
"CEVE",1,26,23,"Yes","Unavg","Mod.15",1.78687106482897,0.22239159388402,0.161100885188332,-7.6307591100529,-0.145884211233629,0.010189279479634,2.45878277788575,NA,NA,NA,-4.83042064281198e-06,NA,NA,NA,NA
"CEVE",1,26,23,"Yes","Avg",NA,NA,NA,NA,-7.64334844270466,-0.0324434222587598,0.0101600571207293,2.33799116264077,0,0.000117765558547649,0,-4.84162057229215e-06,0,0,0,0
"CHUM",1,61,49,"No","Unavg","Mod.15",0,0.363560343950507,0.159473202008313,-4.29025210238418,0.900394068454586,0.00862888612423524,NA,-0.0014833177522835,NA,NA,-5.30840945019454e-06,NA,NA,NA,NA
"CHUM",1,61,49,"No","Unavg","Mod.31",1.37617388328545,0.182702354339623,0.160477491076927,-3.79584260597698,-0.418154980869745,0.00743773553899696,NA,0.00189282352472695,NA,NA,-4.66706131480802e-06,-1.9576095267798e-06,NA,NA,NA
"CHUM",1,61,49,"No","Unavg","Mod.6",0.770318417856402,0.247345484595424,0.15179353212515,-3.73438154288808,NA,0.00755123972054092,NA,NA,NA,NA,-5.04857030034849e-06,NA,NA,NA,NA
"CHUM",1,61,49,"No","Unavg","Mod.7",1.13233780850908,0.206391817114446,0.154430494535819,-3.6026881866321,-0.279778530160823,0.0075608528632545,NA,NA,NA,NA,-5.05572175895065e-06,NA,NA,NA,NA
"CHUM",1,61,49,"No","Avg",NA,NA,NA,NA,-3.92052268451743,0.193205678505102,0.00792427581052241,0,-0.000193452197891047,0,0,-5.07481092371428e-06,-3.57659869420343e-07,0,0,0
"CLUN",1,44,49,"No","Unavg","Mod.6",0,0.692578516879985,0.141198037047844,-7.45108564909827,NA,0.0138937494824652,NA,NA,NA,NA,-7.4267500744062e-06,NA,NA,NA,NA
"CLUN",1,44,49,"No","Unavg","Mod.7",1.62440379643124,0.307421483120015,0.141870238897173,-7.5282221973033,0.14255403870087,0.0139041552878575,NA,NA,NA,NA,-7.43223730219962e-06,NA,NA,NA,NA
"CLUN",1,44,49,"No","Avg",NA,NA,NA,NA,-7.47479908115022,0.0438241740021695,0.013896948450592,0,0,0,0,-7.42843696611267e-06,0,0,0,0
"COCA",1,20,23,"No","Unavg","Mod.6",0,0.706156960685024,0.104890458327942,-3.87008473513339,NA,0.00531767207485248,NA,NA,NA,NA,-3.91608437368001e-06,NA,NA,NA,NA
"COCA",1,20,23,"No","Unavg","Mod.7",1.75358358361274,0.293843039314976,0.105642185660063,-3.95357308678997,0.159138258185829,0.00532174145401317,NA,NA,NA,NA,-3.91851852684725e-06,NA,NA,NA,NA
"COCA",1,20,23,"No","Avg",NA,NA,NA,NA,-3.89461720613155,0.0467616694566152,0.00531886783359318,0,0,0,0,-3.91679963264483e-06,0,0,0,0
"COST",1,12,12,"No","Unavg","Mod.2",0,0.731053573545448,0.0975797166465887,-1.21837940208798,NA,-0.00245385591134788,NA,NA,NA,NA,NA,NA,NA,NA,NA
"COST",1,12,12,"No","Unavg","Mod.3",1.99994908696502,0.268946426454552,0.0975799572706507,-1.21988352478892,0.00300641164814393,-0.00245385296400901,NA,NA,NA,NA,NA,NA,NA,NA,NA
"COST",1,12,12,"No","Avg",NA,NA,NA,NA,-1.21878393051335,0.00080856366921965,-0.00245385511867163,0,0,0,0,0,0,0,0,0
"EPAN",1,18,24,"Yes","Unavg","Mod.1023",1.41220826070708,0.0941494955451325,0.133127725118392,-8.51795801858856,6.15873872520289,0.0106042655763482,-0.175248742412149,-0.0127290421227386,0.00440859769253778,0.349058190186222,-4.4886662156841e-06,5.46368808860743e-06,-3.48439913933111e-06,0.00240502823686045,NA
"EPAN",1,18,24,"Yes","Unavg","Mod.127",0.641484796359748,0.13841350657356,0.116898463309225,-8.30553131425161,4.92105518115478,0.0105474512274766,0.420706145967356,-0.00988187959187666,NA,2.18462716226687,-4.59684354858305e-06,4.1474394690568e-06,NA,NA,NA
"EPAN",1,18,24,"Yes","Unavg","Mod.207",0.510088986229789,0.147812345632102,0.111099177995406,-5.37026330996507,-0.297947376941769,0.00455762610376864,1.60989420944491,NA,-0.0012956418734821,2.51830975895731,-1.88074480652835e-06,NA,NA,NA,NA
"EPAN",1,18,24,"Yes","Unavg","Mod.255",0.369611801299925,0.158567778544963,0.123949308943917,-8.57227831124358,4.47377346533279,0.0108551997842306,1.77923322344418,-0.00951559688483107,-0.00129020333193731,2.21029324995504,-4.65352383560562e-06,4.18692193221078e-06,NA,NA,NA
"EPAN",1,18,24,"Yes","Unavg","Mod.463",1.84443295884256,0.0758510499408192,0.113165067200091,-4.75892636235106,-0.297562138727763,0.00335585748433319,-0.13362283141129,NA,0.00243270435293047,2.56777118853915,-1.36501839044617e-06,NA,-1.68288614355823e-06,NA,NA
"EPAN",1,18,24,"Yes","Unavg","Mod.511",0,0.190754646209007,0.131303490740804,-8.07206592542065,5.47106450771365,0.00993087957723056,-1.96004778368295,-0.0116712779361553,0.00609614304569565,2.60428402907483,-4.26215689128736e-06,5.11084400053588e-06,-3.27591828643313e-06,NA,NA
"EPAN",1,18,24,"Yes","Unavg","Mod.73",1.71256060960309,0.0810209467141116,0.088746028979118,-2.98315349134716,-0.297130961649591,NA,0.120952610417676,NA,NA,2.42536266749884,NA,NA,NA,NA,NA
"EPAN",1,18,24,"Yes","Unavg","Mod.79",1.0396001715838,0.113430230840305,0.103248742280936,-4.76503906921154,-0.297427737646252,0.00390116504638719,0.269584467694736,NA,NA,2.47063429768269,-1.79433541836425e-06,NA,NA,NA,NA
"EPAN",1,18,24,"Yes","Avg",NA,NA,NA,NA,-6.78758855167877,2.88958811244826,0.00744467107050291,0.218178201097253,-0.00630143605355325,0.00136636149746525,2.22626133909148,-3.19486332171159e-06,2.72729326645557e-06,-1.08059973590383e-06,0.000226432195272211,0
"GAOV",1,11,9,"No","Unavg","Mod.6",0,0.710826136182303,0.0968564715655931,-12.4878317113256,NA,0.0177467306746144,NA,NA,NA,NA,-7.91453629929292e-06,NA,NA,NA,NA
"GAOV",1,11,9,"No","Unavg","Mod.7",1.798799507143,0.289173863817697,0.0979515802488387,-12.3925937917813,-0.206216999874911,0.0177513296307359,NA,NA,NA,NA,-7.91625474664042e-06,NA,NA,NA,NA
"GAOV",1,11,9,"No","Avg",NA,NA,NA,NA,-12.460291394149,-0.0596325666387214,0.0177480605725256,0,0,0,0,-7.91503322935216e-06,0,0,0,0
"GASH",1,21,19,"No","Unavg","Mod.2",0,0.504375673932822,0.196504419558558,0.336328221477243,NA,-0.00394374081273422,NA,NA,NA,NA,NA,NA,NA,NA,NA
"GASH",1,21,19,"No","Unavg","Mod.3",1.88798775895728,0.19623786016529,0.196864720379264,0.393136897889352,-0.114545728832909,-0.00394502166277705,NA,NA,NA,NA,NA,NA,NA,NA,NA
"GASH",1,21,19,"No","Unavg","Mod.6",1.04317221660432,0.299386465901888,0.199582170993786,-0.54662298178464,NA,-0.00123543164125625,NA,NA,NA,NA,-1.81876518935711e-06,NA,NA,NA,NA
"GASH",1,21,19,"No","Avg",NA,NA,NA,NA,0.083132594266783,-0.0224782087172436,-0.00313316105258736,0,0,0,0,-5.44513682347003e-07,0,0,0,0
"GOOB",1,20,42,"No","Unavg","Mod.15",0.135402796074288,0.370872858276492,0.121659719242235,-5.10461858995393,1.96670861713884,0.00663080428733167,NA,-0.00133845306641235,NA,NA,-3.82782345147832e-06,NA,NA,NA,NA
"GOOB",1,20,42,"No","Unavg","Mod.31",1.07126688256204,0.23227621852661,0.124160110517244,-3.93104235718182,-0.049542577939257,0.00395056384925054,NA,0.00345761710196434,NA,NA,-2.4786985144455e-06,-2.53766667118444e-06,NA,NA,NA
"GOOB",1,20,42,"No","Unavg","Mod.7",0,0.396850923196898,0.11727849075356,-4.2573328145166,0.848079849830324,0.00548725242779999,NA,NA,NA,NA,-3.67486471497209e-06,NA,NA,NA,NA
"GOOB",1,20,42,"No","Avg",NA,NA,NA,NA,-4.49577859825902,1.05445255492535,0.0055544285624534,0,0.000306726311147931,0,0,-3.45375199699086e-06,-5.89439618263733e-07,0,0,0
"GYDR",1,17,22,"No","Unavg","Mod.6",0,0.654992441876284,0.0643996890606674,-4.20298759914172,NA,0.00480294890307901,NA,NA,NA,NA,-3.05044331068754e-06,NA,NA,NA,NA
"GYDR",1,17,22,"No","Unavg","Mod.7",1.28211474410426,0.345007558123716,0.0667523091264089,-4.35550199946718,0.282890586353047,0.00481041861619258,NA,NA,NA,NA,-3.05470416325814e-06,NA,NA,NA,NA
"GYDR",1,17,22,"No","Avg",NA,NA,NA,NA,-4.25560621997671,0.0975993904138512,0.00480552601056021,0,0,0,0,-3.05191333702845e-06,0,0,0,0
"HIAL",1,12,10,"No","Unavg","Mod.2",0,0.371624771863441,0.0719402668804947,-1.63151494016641,NA,-0.002017847832833,NA,NA,NA,NA,NA,NA,NA,NA,NA
"HIAL",1,12,10,"No","Unavg","Mod.3",1.81475754619305,0.149980591291188,0.0728765694525476,-1.5408510186192,-0.188576903392451,-0.00201854305459937,NA,NA,NA,NA,NA,NA,NA,NA,NA
"HIAL",1,12,10,"No","Unavg","Mod.6",0.172310644328121,0.340947785979557,0.0811782693440803,-3.20402918463325,NA,0.00198690087114481,NA,NA,NA,NA,-2.15767076054615e-06,NA,NA,NA,NA
"HIAL",1,12,10,"No","Unavg","Mod.7",1.98929472841104,0.137446850865814,0.0821033179454034,-3.11326898535948,-0.187267823658992,0.00198426916761603,NA,NA,NA,NA,-2.15658216368435e-06,NA,NA,NA,NA
"HIAL",1,12,10,"No","Avg",NA,NA,NA,NA,-2.35772478894574,-0.0540222481050842,-0.000102463520070606,0,0,0,0,-1.03206849571283e-06,0,0,0,0
"HODI",1,17,10,"No","Unavg","Mod.11",0.886755961184832,0.139581589611664,0.159577165771047,-0.699793044158988,0.707081302928431,-0.00265632807042907,NA,-0.00205500920868608,NA,NA,NA,NA,NA,NA,NA
"HODI",1,17,10,"No","Unavg","Mod.15",0,0.217462687187568,0.172043555711588,-3.01412054152133,1.65466939859012,0.0037065485984279,NA,-0.003586629333333,NA,NA,-3.80706495016271e-06,NA,NA,NA,NA
"HODI",1,17,10,"No","Unavg","Mod.2",0.472848698933376,0.171674962004512,0.144090705871828,-0.555023341017091,NA,-0.00324087480020794,NA,NA,NA,NA,NA,NA,NA,NA,NA
"HODI",1,17,10,"No","Unavg","Mod.3",0.485430408378477,0.170598369652579,0.152673326542976,-0.292360615610744,-0.576752246545242,-0.00325479886028959,NA,NA,NA,NA,NA,NA,NA,NA,NA
"HODI",1,17,10,"No","Unavg","Mod.6",0.722684714821924,0.15151504474102,0.151648749218475,-1.99574580390973,NA,0.000996956805792695,NA,NA,NA,NA,-2.71122816980633e-06,NA,NA,NA,NA
"HODI",1,17,10,"No","Unavg","Mod.7",0.753916948087834,0.149167346802657,0.160150828026828,-1.73325786029079,-0.5718977429913,0.000975196704188603,NA,NA,NA,NA,-2.70516602747829e-06,NA,NA,NA,NA
"HODI",1,17,10,"No","Avg",NA,NA,NA,NA,-1.45922782443943,0.274822924153362,-0.000379857453485628,0,-0.00106679950478736,0,0,-1.64220887079093e-06,0,0,0,0
"LIBO",1,48,67,"No","Unavg","Mod.15",1.27147131412733,0.346211135037353,0.209751920117467,-5.49018797263966,1.09454688630262,0.011830535666322,NA,-0.000816042329864909,NA,NA,-7.67807772691632e-06,NA,NA,NA,NA
"LIBO",1,48,67,"No","Unavg","Mod.7",0,0.653788864962647,0.208610567120926,-5.10622924078705,0.466016658400402,0.0112987926192096,NA,NA,NA,NA,-7.63600785208254e-06,NA,NA,NA,NA
"LIBO",1,48,67,"No","Avg",NA,NA,NA,NA,-5.23916002914924,0.683620822007716,0.0114828879830986,0,-0.000282522941261056,0,0,-7.65057291119962e-06,0,0,0,0
"LUPE",1,35,35,"No","Unavg","Mod.2",0,0.731058540498951,0.377867041942402,-10.0525388220847,NA,0.00526112019808448,NA,NA,NA,NA,NA,NA,NA,NA,NA
"LUPE",1,35,35,"No","Unavg","Mod.3",1.99999961211864,0.268941459501049,0.377867042780695,-10.0526321026391,0.000186956275436184,0.00526112008548602,NA,NA,NA,NA,NA,NA,NA,NA,NA
"LUPE",1,35,35,"No","Avg",NA,NA,NA,NA,-10.0525639090931,5.02802935786875e-05,0.00526112016780209,0,0,0,0,0,0,0,0,0
"MANE",1,61,57,"No","Unavg","Mod.6",0,0.713711013624595,0.26070772233549,-4.20317746867558,NA,0.0117762824575449,NA,NA,NA,NA,-9.30411114076246e-06,NA,NA,NA,NA
"MANE",1,61,57,"No","Unavg","Mod.7",1.82695279009454,0.286288986375405,0.260974631008609,-4.15743906057934,-0.0927954238573271,0.0117777635209772,NA,NA,NA,NA,-9.3058131723123e-06,NA,NA,NA,NA
"MANE",1,61,57,"No","Avg",NA,NA,NA,NA,-4.19008306618329,-0.0265663078363903,0.0117767064696937,0,0,0,0,-9.30459841364964e-06,0,0,0,0
"MEFE",1,26,12,"Yes","Unavg","Mod.191",0.0665506559064966,0.305127544970585,0.113655171103216,-5.46567437250765,-11.8491460198193,0.00577363161181163,-10.6016631837221,0.0184397465489609,0.00724739514470484,NA,-2.53855194341347e-06,-7.15537840676634e-06,NA,NA,NA
"MEFE",1,26,12,"Yes","Unavg","Mod.207",0,0.315451579324025,0.107196265296572,-7.51102787319986,-0.593412220067287,0.00921469270074371,-10.5045942947401,NA,0.00750274123604041,-16.0477453998111,-3.874755125627e-06,NA,NA,NA,NA
"MEFE",1,26,12,"Yes","Unavg","Mod.735",1.27673107660252,0.166607318789647,0.116293652572902,-7.19030797486351,-2.74456067950893,0.00935008007556392,-11.86574691522,0.00183786658840486,0.00858548673368161,-1.49606981731963,-4.22541820399135e-06,NA,NA,-0.0099102101131864,NA
"MEFE",1,26,12,"Yes","Unavg","Mod.767",0.78717746926003,0.212813556915743,0.124610287451151,-5.68005735592363,-9.84738116139052,0.00632706441765888,-9.4195441886224,0.0144055982312274,0.00693376986328628,-3.00120309437787,-2.86892738405312e-06,-5.19393152820831e-06,NA,-0.00884323325927097,NA
"MEFE",1,26,12,"Yes","Avg",NA,NA,NA,NA,-6.44384455020294,-6.35561376436491,0.00757276026012704,-10.5300773025751,0.0089983832180381,0.00748413661274787,-5.9502395174871,-3.31141198501225e-06,-3.28864208948698e-06,0,-0.00353307346014108,0
"OPHO",1,29,16,"No","Unavg","Mod.15",1.30613566618973,0.342298541531876,0.117858450680604,-1.65670470942965,-2.47676082134117,0.00156425536836261,NA,0.00232508161862667,NA,NA,-2.45314315399325e-06,NA,NA,NA,NA
"OPHO",1,29,16,"No","Unavg","Mod.31",0,0.657701458468124,0.127616014971993,-0.476694350705145,-6.5354572401423,-0.00161149233818354,NA,0.0120874953318092,NA,NA,-6.02477747479232e-07,-5.22049664529643e-06,NA,NA,NA
"OPHO",1,29,16,"No","Avg",NA,NA,NA,NA,-0.880610175489049,-5.14617137546603,-0.000524438529959594,0,0.00874583535595604,0,0,-1.23595781699248e-06,-3.43352825753941e-06,0,0,0
"PAMY",1,127,101,"Yes","Unavg","Mod.143",0.858102574949044,0.264074654305163,0.0534596835750362,-2.22521551612043,-0.345782132517838,0.00404973268820527,0.394931978169053,NA,0.000531347917973366,NA,-2.10676893391961e-06,NA,NA,NA,NA
"PAMY",1,127,101,"Yes","Unavg","Mod.15",0,0.40556580117995,0.0522073296144971,-2.2880019295447,-0.345581937967482,0.00407023052125552,0.964268252278983,NA,NA,NA,-2.07321860651884e-06,NA,NA,NA,NA
"PAMY",1,127,101,"Yes","Unavg","Mod.31",1.68112669927723,0.174988416878297,0.0525570477523172,-2.1836196709734,-0.570194070929101,0.00396950985915444,0.965000476941516,0.000215688152727411,NA,NA,-2.07280598767189e-06,NA,NA,NA,NA
"PAMY",1,127,101,"Yes","Unavg","Mod.79",1.9189330105545,0.155371127636591,0.0522962382704533,-2.29692107103596,-0.328816918486914,0.00407302689437163,1.03735934022036,NA,NA,-0.148083530593682,-2.07467392365427e-06,NA,NA,NA,NA
"PAMY",1,127,101,"Yes","Avg",NA,NA,NA,NA,-2.2545417200181,-0.382334525851227,0.00404762708951511,0.825405348098146,3.77429283851739e-05,0.000140315517754585,-0.0230079051327479,-2.08223230837462e-06,0,0,0,0
"PHEM",1,61,49,"No","Unavg","Mod.11",1.39787032560434,0.217793861166827,0.413450212909062,-9.55920252510356,0.838340222356801,0.00556976826791007,NA,-0.000776613098715626,NA,NA,NA,NA,NA,NA,NA
"PHEM",1,61,49,"No","Unavg","Mod.2",0.483162266797933,0.344089932145285,0.40848324393004,-9.09239414440147,NA,0.00515139950610464,NA,NA,NA,NA,NA,NA,NA,NA,NA
"PHEM",1,61,49,"No","Unavg","Mod.3",0,0.438116206687888,0.412480852643947,-8.94517074538247,-0.4154300493699,0.00518535587424328,NA,NA,NA,NA,NA,NA,NA,NA,NA
"PHEM",1,61,49,"No","Avg",NA,NA,NA,NA,-9.12956118694571,0.000578716624441672,0.00525739448933163,0,-0.000169141565402011,0,0,0,0,0,0,0
"POMU",1,20,10,"No","Unavg","Mod.11",1.69211255882306,0.194181999225676,0.188940108583567,0.413223879817704,-1.31115463440205,-0.00406927092034921,NA,0.000859116320229776,NA,NA,NA,NA,NA,NA,NA
"POMU",1,20,10,"No","Unavg","Mod.2",1.77270874530601,0.186512407753781,0.172672730260225,-0.139031901291629,NA,-0.00370958169879895,NA,NA,NA,NA,NA,NA,NA,NA,NA
"POMU",1,20,10,"No","Unavg","Mod.3",0,0.452529131030052,0.187712709140509,0.208155626354059,-0.77096299421109,-0.00374255113660649,NA,NA,NA,NA,NA,NA,NA,NA,NA
"POMU",1,20,10,"No","Unavg","Mod.7",1.99639554846547,0.16677646199049,0.187727078358653,0.260563214208482,-0.771541900036105,-0.00389647366426838,NA,NA,NA,NA,9.63969061516712e-08,NA,NA,NA,NA
"POMU",1,20,10,"No","Avg",NA,NA,NA,NA,0.191961760149884,-0.732160870394314,-0.00382551568275654,0,0.000166824924629624,0,0,1.6076734954805e-08,0,0,0,0
"PTAQ",1,47,22,"No","Unavg","Mod.15",1.00854508760204,0.376537131734454,0.102958144204239,-2.57850774577361,-1.57979964691765,0.00381055896346456,NA,0.000836123252085104,NA,NA,-2.7925285234369e-06,NA,NA,NA,NA
"PTAQ",1,47,22,"No","Unavg","Mod.7",0,0.623462868265546,0.100794240522819,-2.78505335598605,-0.861572030418159,0.00400897906776483,NA,NA,NA,NA,-2.74479141423346e-06,NA,NA,NA,NA
"PTAQ",1,47,22,"No","Avg",NA,NA,NA,NA,-2.70728126434432,-1.13201139706735,0.00393426653081316,0,0.000314831451116609,0,0,-2.76276620841022e-06,0,0,0,0
"RHAL",1,24,15,"No","Unavg","Mod.11",1.78313477403577,0.182572546595911,0.145946698389883,-5.76060749035456,-1.19968544353585,0.00232653668633707,NA,0.000427777743769643,NA,NA,NA,NA,NA,NA,NA
"RHAL",1,24,15,"No","Unavg","Mod.2",0.358877677686849,0.372142244101454,0.137505593924295,-6.22212181018533,NA,0.00247281319191406,NA,NA,NA,NA,NA,NA,NA,NA,NA
"RHAL",1,24,15,"No","Unavg","Mod.3",0,0.445285209302635,0.145235997789787,-6.00275135170861,-0.529591923067193,0.00248446233950042,NA,NA,NA,NA,NA,NA,NA,NA,NA
"RHAL",1,24,15,"No","Avg",NA,NA,NA,NA,-6.04017954500572,-0.454849076848346,0.00245129431090491,0,7.8100472057077e-05,0,0,0,0,0,0,0
"RULA",1,18,13,"No","Unavg","Mod.6",0,0.634516274745897,0.182566025397129,-23.5942493484786,NA,0.0302049882333223,NA,NA,NA,NA,-1.04895274981278e-05,NA,NA,NA,NA
"RULA",1,18,13,"No","Unavg","Mod.7",1.10328237138663,0.365483725254103,0.186053426430942,-23.4630638208473,-0.360497206114448,0.0302563050580632,NA,NA,NA,NA,-1.05073894119036e-05,NA,NA,NA,NA
"RULA",1,18,13,"No","Avg",NA,NA,NA,NA,-23.5463031731405,-0.131755861834405,0.0302237436975968,0,0,0,0,-1.04960557369147e-05,0,0,0,0
"RUPA",1,33,21,"No","Unavg","Mod.15",1.938843622283,0.154714871055957,0.109207109553215,-5.64509237252042,-0.273032706477345,0.00945981909084467,NA,-0.000268598751719089,NA,NA,-5.4450237262146e-06,NA,NA,NA,NA
"RUPA",1,33,21,"No","Unavg","Mod.31",1.58877380690694,0.184309938520618,0.115292026652565,-7.49810947081765,3.39721061403809,0.0137856877403166,NA,-0.00889391703119243,NA,NA,-7.75501492837297e-06,4.58917530985865e-06,NA,NA,NA
"RUPA",1,33,21,"No","Unavg","Mod.6",0.954585388694341,0.253081861113128,0.101398601686089,-5.76341407359461,NA,0.00931036230475959,NA,NA,NA,NA,-5.41944185816268e-06,NA,NA,NA,NA
"RUPA",1,33,21,"No","Unavg","Mod.7",0,0.407893329310297,0.109048760432662,-5.54645348465015,-0.502292097840973,0.00933435393388081,NA,NA,NA,NA,-5.43357064876035e-06,NA,NA,NA,NA
"RUPA",1,33,21,"No","Avg",NA,NA,NA,NA,-5.9763327719303,0.379015863363642,0.0101681184735123,0,-0.00168079352246456,0,0,-5.85963212199658e-06,8.45830619220387e-07,0,0,0
"RUPE",1,23,23,"No","Unavg","Mod.6",0,0.731045606408452,0.0447788017229829,-7.34023528925485,NA,0.00858075400121096,NA,NA,NA,NA,-3.48643159017181e-06,NA,NA,NA,NA
"RUPE",1,23,23,"No","Unavg","Mod.7",1.99986804438993,0.268954393591548,0.0447791850136907,-7.34199973460861,0.00353209458618904,0.00858076173890362,NA,NA,NA,NA,-3.48643759534472e-06,NA,NA,NA,NA
"RUPE",1,23,23,"No","Avg",NA,NA,NA,NA,-7.340709844585,0.000949972357536461,0.0085807560822974,0,0,0,0,-3.48643320528945e-06,0,0,0,0
"RUSP",1,15,20,"No","Unavg","Mod.2",0,0.468211900027058,0.0519609267991119,-1.51122356809728,NA,-0.00154902874147789,NA,NA,NA,NA,NA,NA,NA,NA,NA
"RUSP",1,15,20,"No","Unavg","Mod.3",1.21576875503496,0.254942133960755,0.0547456639591684,-1.6757661787185,0.311326612960832,-0.00155069102989069,NA,NA,NA,NA,NA,NA,NA,NA,NA
"RUSP",1,15,20,"No","Unavg","Mod.6",1.05091939828162,0.276845966012188,0.0553310297329879,-2.36647332524212,NA,0.000503937430830055,NA,NA,NA,NA,-1.02174775746904e-06,NA,NA,NA,NA
"RUSP",1,15,20,"No","Avg",NA,NA,NA,NA,-1.78994485757498,0.0793702710670084,-0.000981097125670173,0,0,0,0,-2.82866744937302e-07,0,0,0,0
"SOSI",1,48,19,"No","Unavg","Mod.15",1.58690527707159,0.311427802171066,0.16204040372432,-10.8312490823772,-1.93557042830015,0.0135112541585106,NA,0.000599054078842608,NA,NA,-4.61465546556298e-06,NA,NA,NA,NA
"SOSI",1,48,19,"No","Unavg","Mod.7",0,0.688572197828934,0.161120439792812,-10.977257258244,-1.08139331486919,0.0135408067988857,NA,NA,NA,NA,-4.56358555220507e-06,NA,NA,NA,NA
"SOSI",1,48,19,"No","Avg",NA,NA,NA,NA,-10.9317862529348,-1.34740781596982,0.0135316032850453,0,0.000186562095155566,0,0,-4.57949014307919e-06,0,0,0,0
"SPBE",1,17,29,"Yes","Unavg","Mod.142",1.67612014347509,0.156782290224679,0.130669419447969,-4.9131380993269,NA,0.00689210195503309,3.6861498463841,NA,-0.00365284605764426,NA,-4.35110167301716e-06,NA,NA,NA,NA
"SPBE",1,17,29,"Yes","Unavg","Mod.143",0,0.362461487865365,0.141347424655821,-5.2722046722754,0.614415454796158,0.00692798299234092,3.73008624965848,NA,-0.00369644740580038,NA,-4.37248083625285e-06,NA,NA,NA,NA
"SPBE",1,17,29,"Yes","Unavg","Mod.159",1.96236014222347,0.135875382043849,0.141456756935963,-5.38536861145213,0.792799605064778,0.00707148636032617,3.74242188464727,-0.000225431439274504,-0.00371048624814724,NA,-4.37339226936237e-06,NA,NA,NA,NA
"SPBE",1,17,29,"Yes","Unavg","Mod.207",1.17333420762793,0.201593062714239,0.143748636066653,-5.36861592632165,0.758046898148067,0.00694082308382504,4.12943777868087,NA,-0.0036614127149724,-0.758046898148066,-4.38045259252061e-06,NA,NA,NA,NA
"SPBE",1,17,29,"Yes","Unavg","Mod.399",1.85612638520792,0.143287777151869,0.141765333523884,-5.42712752505161,0.614969367722923,0.00729730122673023,4.68807613674325,NA,-0.0066451241083918,NA,-4.57143991184498e-06,NA,2.02140988633336e-06,NA,NA
"SPBE",1,17,29,"Yes","Avg",NA,NA,NA,NA,-5.27291997728227,0.571358478731485,0.00699736331832085,3.94264864813533,-3.06305829361179e-05,-0.00410696559927548,-0.152816995878697,-4.39936825784665e-06,0,2.8964332932552e-07,0,0
"TITR",1,34,39,"No","Unavg","Mod.6",0,0.688706347749852,0.0448569616468194,-2.45763443106339,NA,0.00203774402509269,NA,NA,NA,NA,-1.5063952536561e-06,NA,NA,NA,NA
"TITR",1,34,39,"No","Unavg","Mod.7",1.58815658674541,0.311293652250148,0.045722017557407,-2.54080664022093,0.160396643991187,0.002039873818125,NA,NA,NA,NA,-1.50769166600196e-06,NA,NA,NA,NA
"TITR",1,34,39,"No","Avg",NA,NA,NA,NA,-2.48352541181775,0.0499304571166834,0.00203840701614425,0,0,0,0,-1.50679881859007e-06,0,0,0,0
"TRBO",1,10,26,"No","Unavg","Mod.15",0.493610298982958,0.36331534490667,0.200433001350227,-5.40521303453374,2.70618373321554,0.00819661627488291,NA,-0.00243550296059839,NA,NA,-6.27336143714695e-06,NA,NA,NA,NA
"TRBO",1,10,26,"No","Unavg","Mod.31",1.99304470407367,0.171666557033035,0.202173583666181,-4.16005139126837,0.600295429393681,0.0047688010861359,NA,0.00374956868595601,NA,NA,-4.11784094216104e-06,-4.1988142439131e-06,NA,NA,NA
"TRBO",1,10,26,"No","Unavg","Mod.7",0,0.465018098060294,0.195194936047313,-4.03025776517023,1.05958393961904,0.0058287410449475,NA,NA,NA,NA,-5.7842046835859e-06,NA,NA,NA,NA
"TRBO",1,10,26,"No","Avg",NA,NA,NA,NA,-4.55208133800738,1.57897443431759,0.00650707020741652,0,-0.000241180051474071,0,0,-5.67586391196427e-06,-7.20795984873829e-07,0,0,0
"VAAL",1,11,7,"No","Unavg","Mod.6",0,0.631455614902317,0.162420575267985,-18.5315934054967,NA,0.031886481941469,NA,NA,NA,NA,-1.56672789834531e-05,NA,NA,NA,NA
"VAAL",1,11,7,"No","Unavg","Mod.7",1.07693300345545,0.368544385097683,0.16787616561711,-18.3416700549662,-0.473006220436148,0.0319268150692943,NA,NA,NA,NA,-1.56855741285871e-05,NA,NA,NA,NA
"VAAL",1,11,7,"No","Avg",NA,NA,NA,NA,-18.4615982210598,-0.174323786658019,0.0319013464892624,0,0,0,0,-1.56740215564668e-05,0,0,0,0
"VADE",1,34,61,"No","Unavg","Mod.11",1.7424806043029,0.294996286478753,0.390671085827299,-8.96163532714668,0.146785512730775,0.00458662178160083,NA,0.000517068561634022,NA,NA,NA,NA,NA,NA,NA
"VADE",1,34,61,"No","Unavg","Mod.3",0,0.705003713521247,0.390216463250186,-9.47661277246076,0.995211456612948,0.00489352488210778,NA,NA,NA,NA,NA,NA,NA,NA,NA
"VADE",1,34,61,"No","Avg",NA,NA,NA,NA,-9.32469633847279,0.744928953815476,0.00480298960714941,0,0.000152533305536947,0,0,0,0,0,0,0
"VAME",1,95,115,"Yes","Unavg","Mod.142",1.11897738460812,0.204141642025601,0.109068476376373,-6.28735181691188,NA,0.0101345298639139,-6.31176723303611,NA,0.00369911829841965,NA,-4.09156727291224e-06,NA,NA,NA,NA
"VAME",1,95,115,"Yes","Unavg","Mod.143",0,0.357202471786004,0.112609549652977,-6.46832935352048,0.306798531897624,0.0101792393416257,-6.33443101001717,NA,0.0037122169144258,NA,-4.10985253374589e-06,NA,NA,NA,NA
"VAME",1,95,115,"Yes","Unavg","Mod.159",1.69756794820148,0.152859438233891,0.112952910288388,-6.62705790554329,0.584258778523265,0.0103208175259863,-6.34029593992082,-0.000234164515356474,0.0037159809333963,NA,-4.11619208105689e-06,NA,NA,NA,NA
"VAME",1,95,115,"Yes","Unavg","Mod.191",1.67791034711183,0.154369270931101,0.115245891184756,-7.78954361278025,2.57383791296773,0.0124788312765925,-6.32978742640319,-0.00397584421253458,0.00371160613892792,NA,-5.01045884812967e-06,1.55767347790543e-06,NA,NA,NA
"VAME",1,95,115,"Yes","Unavg","Mod.207",1.99969971509017,0.131427177023402,0.112609890575895,-6.46876488165208,0.307499011484679,0.0101793630943412,-6.32670031957301,NA,0.00371199827355122,-0.0136838730157108,-4.10990153726969e-06,NA,NA,NA,NA
"VAME",1,95,115,"Yes","Avg",NA,NA,NA,NA,-6.65965958149989,0.636633871739007,0.0105467564320689,-6.32896804982159,-0.000649542428696302,0.00370999528695014,-0.00179843280120158,-4.24612119075723e-06,2.40456919132974e-07,0,0,0
"VASI",1,24,28,"No","Unavg","Mod.6",0,0.693860699588959,0.175795586687565,-11.3788742188572,NA,0.0105764422319085,NA,NA,NA,NA,-2.80478909868957e-06,NA,NA,NA,NA
"VASI",1,24,28,"No","Unavg","Mod.7",1.63646198167646,0.306139300411041,0.176762490955488,-11.4744463151367,0.181323075569611,0.0105778066382204,NA,NA,NA,NA,-2.80484084846439e-06,NA,NA,NA,NA
"VASI",1,24,28,"No","Avg",NA,NA,NA,NA,-11.4081325935511,0.0555101195032591,0.0105768599303023,0,0,0,0,-2.80480494132943e-06,0,0,0,0
"ACCI",2,72,56,"No","Unavg","Mod.15",1.57507548749425,0.21639915974974,0.247589768571322,-2.42859201826011,0.0857816443768576,0.00715262913884008,NA,-0.000634384808118713,NA,NA,-6.02187083509867e-06,NA,NA,NA,NA
"ACCI",2,72,56,"No","Unavg","Mod.6",0.869383078502437,0.307960296933271,0.242748759256908,-2.36773724547862,NA,0.00675689316333499,NA,NA,NA,NA,-5.9356371806843e-06,NA,NA,NA,NA
"ACCI",2,72,56,"No","Unavg","Mod.7",0,0.475640543316989,0.246965338864583,-2.19197549094419,-0.36568598283762,0.00677108904565313,NA,NA,NA,NA,-5.95291468894121e-06,NA,NA,NA,NA
"ACCI",2,72,56,"No","Avg",NA,NA,NA,NA,-2.29730675075419,-0.15537200379519,0.0068492822330957,0,-0.000137280339434889,0,0,-5.9625159544562e-06,0,0,0,0
"ACGL",2,15,10,"No","Unavg","Mod.15",1.73392647672352,0.132993766631197,0.0669456403723222,-4.28953215376611,0.827745755160662,0.00403038070253539,NA,-0.00153725753606315,NA,NA,-2.49941832813001e-06,NA,NA,NA,NA
"ACGL",2,15,10,"No","Unavg","Mod.2",0.731954011403076,0.21948600947941,0.0440533327112619,-1.93777000081678,NA,-0.001464794196224,NA,NA,NA,NA,NA,NA,NA,NA,NA
"ACGL",2,15,10,"No","Unavg","Mod.3",1.69257654507371,0.135772029491762,0.0488139604929395,-1.74545443142736,-0.421740516089756,-0.00146700225574272,NA,NA,NA,NA,NA,NA,NA,NA,NA
"ACGL",2,15,10,"No","Unavg","Mod.6",0,0.316481724699249,0.0565664153845683,-3.80591964788939,NA,0.00299527333681697,NA,NA,NA,NA,-2.24464885611627e-06,NA,NA,NA,NA
"ACGL",2,15,10,"No","Unavg","Mod.7",0.96580072207982,0.195266469698382,0.0613033256734216,-3.61389555247957,-0.420776856292942,0.00299212316443607,NA,NA,NA,NA,-2.2439004257222e-06,NA,NA,NA,NA
"ACGL",2,15,10,"No","Avg",NA,NA,NA,NA,-3.14295497414562,-0.0293391512557143,0.00154754640302258,0,-0.000204445670003232,0,0,-1.48095591365841e-06,0,0,0,0
"ACMI",2,10,17,"Yes","Unavg","Mod.219",0,0.228613545373717,0.087252976671904,-2.79699455341645,-2.36144589718886,-0.000761964595033303,1.28055673184033,0.00211751140179041,-0.00171158874670679,2.81419271008032,NA,NA,NA,NA,NA
"ACMI",2,10,17,"Yes","Unavg","Mod.223",1.82755611622332,0.0916754795659724,0.0879976716606482,-3.20465868401113,-2.55243468057862,0.000145975859152313,1.39243249459435,0.00228095601679351,-0.00181717321359224,2.87331703925357,-4.19088070557483e-07,NA,NA,NA,NA
"ACMI",2,10,17,"Yes","Unavg","Mod.73",0.111005587816578,0.216270558456513,0.0608627380750526,-3.58042774583154,0.111571715702356,NA,-0.0030911925665185,NA,NA,2.0166599900889,NA,NA,NA,NA,NA
"ACMI",2,10,17,"Yes","Unavg","Mod.731",0.842987842147352,0.149985568900033,0.0922495073519061,-2.92008028534593,-2.08666143474298,-0.000634634330505603,5.861464422906,0.00187962149177685,-0.0114263339265192,-2.05156879186869,NA,NA,NA,0.00994893228377528,NA
"ACMI",2,10,17,"Yes","Unavg","Mod.8",1.77660505046319,0.094040964319799,0.0363959756961201,-3.52325974691873,NA,NA,1.41304654657217,NA,NA,NA,NA,NA,NA,NA,NA
"ACMI",2,10,17,"Yes","Unavg","Mod.9",1.82507135701329,0.0917894460922502,0.0448236295510953,-3.84035973152673,0.561521134867333,NA,1.41866574511381,NA,NA,NA,NA,NA,NA,NA,NA
"ACMI",2,10,17,"Yes","Unavg","Mod.91",1.16588227161836,0.127624437291715,0.0735811861102788,-2.64922918935714,-1.47502361309236,-0.000919003828975056,-0.0119926564425712,0.00148183143937446,NA,2.01103718422936,NA,NA,NA,NA,NA
"ACMI",2,10,17,"Yes","Avg",NA,NA,NA,NA,-3.16747209513473,-1.19940096197055,-0.000373286358273217,1.56044332010992,0.00116423352801323,-0.00227166779182764,1.29187124923242,-3.84200998487353e-08,0,0,0.00149219626852994,0
"AMAL",2,42,43,"Yes","Unavg","Mod.14",1.31061626179746,0.274625863137395,0.116158869188631,-2.88126993214184,NA,0.00448256351016627,0.325669314438441,NA,NA,NA,-3.31657973213481e-06,NA,NA,NA,NA
"AMAL",2,42,43,"Yes","Unavg","Mod.6",0,0.528856857532306,0.114850705232758,-2.76776643437742,NA,0.00431141153191643,NA,NA,NA,NA,-3.23845294818542e-06,NA,NA,NA,NA
"AMAL",2,42,43,"Yes","Unavg","Mod.7",1.97993488319901,0.196517279330299,0.114888780489128,-2.78495269215412,0.0337961398121816,0.00431199408257196,NA,NA,NA,NA,-3.23877684988319e-06,NA,NA,NA,NA
"AMAL",2,42,43,"Yes","Avg",NA,NA,NA,NA,-2.80231482704023,0.00664152544775633,0.00435852877294086,0.0894372165750204,0,0,0,-3.25997223594208e-06,0,0,0,0
"ARUV",2,42,28,"Yes","Unavg","Mod.159",0,0.397134181657289,0.0756227766043356,-3.05097107992202,-1.76942511266333,0.00312975170093512,2.69894160278641,0.0013345465985673,-0.0016401315889417,NA,-1.94176778896591e-06,NA,NA,NA,NA
"ARUV",2,42,28,"Yes","Unavg","Mod.191",1.97608627125743,0.147854854101003,0.0756744592459951,-3.15495761518799,-1.53064028614124,0.00336824207017463,2.69626288236183,0.000814479731969306,-0.00163813742310737,NA,-2.05845831582157e-06,2.42736905656027e-07,NA,NA,NA
"ARUV",2,42,28,"Yes","Unavg","Mod.223",1.95022063953752,0.149779452113694,0.0757303603641297,-3.04395092309707,-1.83090977211562,0.00314539441968191,2.65478055448218,0.00136804983393129,-0.00167093598813211,0.160216997211489,-1.95259554626395e-06,NA,NA,NA,NA
"ARUV",2,42,28,"Yes","Unavg","Mod.31",1.96967941000224,0.148329256320677,0.0670434571406517,-2.62703668104543,-1.70100066658711,0.00257128189671613,1.21379174259363,0.00128222960984076,NA,NA,-1.83481461135513e-06,NA,NA,NA,NA
"ARUV",2,42,28,"Yes","Unavg","Mod.415",1.85730235130029,0.156902255807338,0.0759311764997596,-3.20039744709122,-1.7809631891128,0.00345184617904328,3.33465711806308,0.00134495812614982,-0.00315803147718972,NA,-2.0916328723792e-06,NA,7.41284722695466e-07,NA,NA
"ARUV",2,42,28,"Yes","Avg",NA,NA,NA,NA,-3.02585797865107,-1.73498975860449,0.00313505655698789,2.57138514746056,0.0012565437362539,-0.00163933302557669,0.023997214061638,-1.968292709703e-06,3.58898297707007e-08,1.16309245186435e-07,0,0
"ATFI",2,24,27,"No","Unavg","Mod.2",1.24809551875501,0.275566955719295,0.0706887495699751,-0.914681237423959,NA,-0.00177564548001176,NA,NA,NA,NA,NA,NA,NA,NA,NA
"ATFI",2,24,27,"No","Unavg","Mod.6",0,0.514336845322075,0.0794483462168821,-2.31658125119686,NA,0.0016424647691873,NA,NA,NA,NA,-1.74949629494846e-06,NA,NA,NA,NA
"ATFI",2,24,27,"No","Unavg","Mod.7",1.79062575160231,0.21009619895863,0.0800129952407865,-2.3863634733387,0.135202580222337,0.0016439872621375,NA,NA,NA,NA,-1.75048428036932e-06,NA,NA,NA,NA
"ATFI",2,24,27,"No","Avg",NA,NA,NA,NA,-1.94492491180551,0.0284055481941122,0.00070086640348437,0,0,0,0,-1.26760049888887e-06,0,0,0,0
"CAME",2,32,29,"No","Unavg","Mod.6",0,0.708886242334316,0.396072620531152,-27.4542245207403,NA,0.0258146583190108,NA,NA,NA,NA,-6.05040029372035e-06,NA,NA,NA,NA
"CAME",2,32,29,"No","Unavg","Mod.7",1.77996191003172,0.291113757665684,0.396595531071368,-27.3873808939174,-0.146751933449134,0.0258167550245272,NA,NA,NA,NA,-6.04982071586149e-06,NA,NA,NA,NA
"CAME",2,32,29,"No","Avg",NA,NA,NA,NA,-27.4347654213599,-0.0427215067910816,0.0258152686988324,0,0,0,0,-6.050231570632e-06,0,0,0,0
"CARU",2,33,22,"Yes","Unavg","Mod.14",1.33049817708019,0.0849018307306109,0.134951939846986,-6.10572629829763,NA,0.00753548378244524,2.26887607830786,NA,NA,NA,-3.72174840794461e-06,NA,NA,NA,NA
"CARU",2,33,22,"Yes","Unavg","Mod.143",1.54963090869524,0.076090946600849,0.144615067393264,-5.67024185408043,-0.485600819751901,0.00747253897875651,1.42488737785915,NA,0.000872186378496103,NA,-3.86951846061733e-06,NA,NA,NA,NA
"CARU",2,33,22,"Yes","Unavg","Mod.15",0.696780972419731,0.116553950332125,0.141683185210257,-5.90838115792709,-0.485900722437047,0.0075783039950485,2.28680249490643,NA,NA,NA,-3.74256946067254e-06,NA,NA,NA,NA
"CARU",2,33,22,"Yes","Unavg","Mod.159",1.8398367026756,0.0658135927446047,0.148984953537855,-5.3633862030812,-1.55160405198011,0.00727721785905053,1.46743501447706,0.00107077182294065,0.000837429647790179,NA,-3.98368656495194e-06,NA,NA,NA,NA
"CARU",2,33,22,"Yes","Unavg","Mod.207",0.875492115177281,0.106590958111021,0.151449622114158,-5.90205754016966,-0.179144583397383,0.00768904087769292,1.90290183561611,NA,0.000876030129050778,-1.11163608383221,-3.97380617696686e-06,NA,NA,NA,NA
"CARU",2,33,22,"Yes","Unavg","Mod.223",0.514854097180603,0.127653261846763,0.157482932632419,-5.48409063357333,-1.43558826899931,0.00742149725012399,1.76118080105632,0.00130718491121564,0.00110009932408806,-1.27510322664837,-4.14962329896264e-06,NA,NA,NA,NA
"CARU",2,33,22,"Yes","Unavg","Mod.31",0.888112209484632,0.105920481732644,0.146305774606969,-5.57963676405891,-1.58706403704648,0.00737157109216116,2.29972741750853,0.00109563254451574,NA,NA,-3.86348343217021e-06,NA,NA,NA,NA
"CARU",2,33,22,"Yes","Unavg","Mod.79",0,0.165131932449405,0.148575608734027,-6.12871852502023,-0.179085270300963,0.00777498436577997,2.77064067784657,NA,NA,-1.11779146258875,-3.83917156502544e-06,NA,NA,NA,NA
"CARU",2,33,22,"Yes","Unavg","Mod.95",0.1743913213827,0.151343045451977,0.153241493108912,-5.78423965209354,-1.29685651490695,0.00753451083365328,2.79182920716012,0.0011127724969725,NA,-1.12463459560341,-3.9446356027455e-06,NA,NA,NA,NA
"CARU",2,33,22,"Yes","Avg",NA,NA,NA,NA,-5.7990877077854,-0.791998328466471,0.00754254498862821,2.21545182053448,0.000521798063935049,0.000355287898808959,-0.636050130331455,-3.90228032460784e-06,0,0,0,0
"CEVE",2,26,18,"Yes","Unavg","Mod.14",0,0.225654476213403,0.161504458247186,-7.47998428497784,NA,0.00947495755147782,2.49716847210779,NA,NA,NA,-4.51919185124222e-06,NA,NA,NA,NA
"CEVE",2,26,18,"Yes","Unavg","Mod.142",1.45300728777312,0.109125797161572,0.163145412000484,-7.24475614970191,NA,0.00933713845964705,1.8093691829892,NA,0.000682994310656428,NA,-4.60678900811211e-06,NA,NA,NA,NA
"CEVE",2,26,18,"Yes","Unavg","Mod.143",1.71686445812668,0.0956382394174877,0.168353763097101,-7.06820409334269,-0.440275437579483,0.00938187927868079,1.82366092758948,NA,0.000683759664785601,NA,-4.62791033871202e-06,NA,NA,NA,NA
"CEVE",2,26,18,"Yes","Unavg","Mod.15",0.262615941778847,0.197887164533858,0.166716532974197,-7.30312379525015,-0.440421097426692,0.00951910718441441,2.51219822057376,NA,NA,NA,-4.53998258912337e-06,NA,NA,NA,NA
"CEVE",2,26,18,"Yes","Unavg","Mod.31",0.620643532171528,0.165452343218407,0.171642377008547,-6.95610149335079,-1.67686517096478,0.00934232536475618,2.52520101028514,0.00120427023621939,NA,NA,-4.69772928956626e-06,NA,NA,NA,NA
"CEVE",2,26,18,"Yes","Unavg","Mod.79",1.40208535756028,0.111939918374264,0.16929808636684,-7.20389993556458,-0.665267006197008,0.00948849519667242,2.21471999721177,NA,NA,0.665267006197008,-4.5252312562454e-06,NA,NA,NA,NA
"CEVE",2,26,18,"Yes","Unavg","Mod.95",1.74500383402437,0.0943020610810093,0.174269257069455,-6.85730168945431,-1.90709031968994,0.00932228379427459,2.222510959649,0.00120865942187852,NA,0.673330210758073,-4.69181296661673e-06,NA,NA,NA,NA
"CEVE",2,26,18,"Yes","Avg",NA,NA,NA,NA,-7.20363172667439,-0.661014603862167,0.00942492638359795,2.30779296529778,0.000313228407078807,0.000139925869131988,0.13796636103338,-4.58975684070827e-06,0,0,0,0
"CHUM",2,61,45,"No","Unavg","Mod.15",0.00583764842929213,0.313116608566705,0.156555735831347,-4.39674171895592,0.576947146315606,0.00888580970016749,NA,-0.00120166071336063,NA,NA,-5.44748220881977e-06,NA,NA,NA,NA
"CHUM",2,61,45,"No","Unavg","Mod.31",1.05742493662478,0.185078864418292,0.158118026496805,-3.79584260597697,-1.13464461844404,0.00743773553899691,NA,0.0031440261644097,NA,NA,-4.66706131480801e-06,-2.50326139278592e-06,NA,NA,NA
"CHUM",2,61,45,"No","Unavg","Mod.6",1.02852513765902,0.187772651006625,0.148282019460538,-4.04401045566426,NA,0.00806027502067479,NA,NA,NA,NA,-5.25441943978031e-06,NA,NA,NA,NA
"CHUM",2,61,45,"No","Unavg","Mod.7",0,0.314031876008379,0.153270814416343,-3.86875088478084,-0.386211607559345,0.00808285170228607,NA,NA,NA,NA,-5.26990192506848e-06,NA,NA,NA,NA
"CHUM",2,61,45,"No","Avg",NA,NA,NA,NA,-4.0534887569234,-0.150629759381441,0.00821063453712769,0,0.000205632864995017,0,0,-5.21102501838603e-06,-4.63300775918969e-07,0,0,0
"CLUN",2,44,51,"No","Unavg","Mod.15",1.84613188606215,0.206829426247193,0.148704522114347,-8.05383531303255,1.12777415270345,0.014675215717667,NA,-0.00104134004025983,NA,NA,-7.62925015331027e-06,NA,NA,NA,NA
"CLUN",2,44,51,"No","Unavg","Mod.6",0,0.52058874279596,0.144902101445921,-7.35361597463869,NA,0.0138898955921423,NA,NA,NA,NA,-7.50295764908573e-06,NA,NA,NA,NA
"CLUN",2,44,51,"No","Unavg","Mod.7",1.29404300539017,0.272581830956847,0.146148391991732,-7.461014151773,0.194121611544933,0.0139080010141114,NA,NA,NA,NA,-7.51257631062187e-06,NA,NA,NA,NA
"CLUN",2,44,51,"No","Avg",NA,NA,NA,NA,-7.52771673041058,0.286170905243281,0.0140572581121956,0,-0.00021537976305517,0,0,-7.53170052764669e-06,0,0,0,0
"COCA",2,20,21,"No","Unavg","Mod.6",0,0.72790464988823,0.0991012002711036,-3.83087116541578,NA,0.00500242510486196,NA,NA,NA,NA,-3.68910138357873e-06,NA,NA,NA,NA
"COCA",2,20,21,"No","Unavg","Mod.7",1.9680350148837,0.27209535011177,0.09920217158455,-3.8608519826636,0.0584598544872338,0.00500357468490128,NA,NA,NA,NA,-3.68973587417889e-06,NA,NA,NA,NA
"COCA",2,20,21,"No","Avg",NA,NA,NA,NA,-3.83902880638146,0.015906654574187,0.00500273790024524,0,0,0,0,-3.68927402552072e-06,0,0,0,0
"COST",2,12,13,"No","Unavg","Mod.2",0,0.726532540423581,0.0982724482643752,-1.17659128001155,NA,-0.00245140902091196,NA,NA,NA,NA,NA,NA,NA,NA,NA
"COST",2,12,13,"No","Unavg","Mod.3",1.95420127135782,0.273467459576419,0.0984822187346833,-1.22156226247603,0.0884933846031587,-0.00245150420509182,NA,NA,NA,NA,NA,NA,NA,NA,NA
"COST",2,12,13,"No","Avg",NA,NA,NA,NA,-1.18888938034077,0.0242000610767447,-0.00245143505068782,0,0,0,0,0,0,0,0,0
"EPAN",2,18,20,"Yes","Unavg","Mod.207",0.714734419729155,0.229391907461572,0.0943814899727686,-6.82787140697758,-0.299186160403407,0.00754216032933085,2.68532344946033,NA,-0.00245846236155857,1.99402118292922,-3.22424323852022e-06,NA,NA,NA,NA
"EPAN",2,18,20,"Yes","Unavg","Mod.398",1.75481843701778,0.136372473580914,0.0842257461091213,-5.86367220642333,NA,0.00538980218141241,-0.0899327742281877,NA,0.00680239078926736,NA,-2.28866068410949e-06,NA,-4.73403068562265e-06,NA,NA
"EPAN",2,18,20,"Yes","Unavg","Mod.463",0,0.327929660916346,0.10345036677611,-5.72672213706541,-0.29815812307162,0.00539272599384234,-1.80304235354066,NA,0.00789902903064135,2.134471099958,-2.28968815502796e-06,NA,-5.3316437979356e-06,NA,NA
"EPAN",2,18,20,"Yes","Unavg","Mod.479",1.85096869885166,0.129971446956486,0.103948222662171,-5.92660554722998,0.117977220378223,0.00559020390865053,-1.83336317126255,-0.000371984356236566,0.0079729984923956,2.01634572517485,-2.30629371244826e-06,NA,-5.29950978855014e-06,NA,NA
"EPAN",2,18,20,"Yes","Unavg","Mod.511",1.24083262934789,0.176334511084683,0.112667676868174,-8.20761932918315,4.33132637595602,0.0100408152892788,-3.16676302749977,-0.00879847899299371,0.0106369414997266,2.03778990072502,-4.25400395642293e-06,3.71147215787489e-06,-6.48882940872475e-06,NA,NA
"EPAN",2,18,20,"Yes","Avg",NA,NA,NA,NA,-6.46144001767103,0.612690212673487,0.0067306751522084,-0.784238428609847,-0.00159982283654364,0.00586595542867181,1.77876876401903,-2.85246232428781e-06,6.54460628363283e-07,-4.22698513406738e-06,0,0
"GAOV",2,11,9,"No","Unavg","Mod.6",0,0.710826136182303,0.0968564715655931,-12.4878317113256,NA,0.0177467306746144,NA,NA,NA,NA,-7.91453629929292e-06,NA,NA,NA,NA
"GAOV",2,11,9,"No","Unavg","Mod.7",1.798799507143,0.289173863817697,0.0979515802488387,-12.3925937917813,-0.206216999874911,0.0177513296307359,NA,NA,NA,NA,-7.91625474664042e-06,NA,NA,NA,NA
"GAOV",2,11,9,"No","Avg",NA,NA,NA,NA,-12.460291394149,-0.0596325666387214,0.0177480605725256,0,0,0,0,-7.91503322935216e-06,0,0,0,0
"GASH",2,21,23,"No","Unavg","Mod.11",1.95219707818853,0.130606242816145,0.182005732994567,0.766735079199136,-1.00847368953483,-0.00455315878910057,NA,0.00173116251157182,NA,NA,NA,NA,NA,NA,NA
"GASH",2,21,23,"No","Unavg","Mod.15",1.81990473542373,0.139537472899575,0.188402514971318,-0.261703399892357,-1.48546733599185,-0.00120312173534269,NA,0.00250144883573618,NA,NA,-2.42713862286944e-06,NA,NA,NA,NA
"GASH",2,21,23,"No","Unavg","Mod.2",0,0.346639576546558,0.175862415514378,0.167686668440172,NA,-0.00350554938908564,NA,NA,NA,NA,NA,NA,NA,NA,NA
"GASH",2,21,23,"No","Unavg","Mod.3",1.88820908621642,0.134852422351546,0.176197783272407,0.112591551069778,0.108926793427233,-0.00350613191398255,NA,NA,NA,NA,NA,NA,NA,NA,NA
"GASH",2,21,23,"No","Unavg","Mod.6",0.666777989506045,0.248364285386176,0.179862022114604,-0.815954311570897,NA,-0.000632500659618734,NA,NA,NA,NA,-1.82134656538009e-06,NA,NA,NA,NA
"GASH",2,21,23,"No","Avg",NA,NA,NA,NA,-0.065720873503061,-0.324302275755596,-0.0026076146407428,0,0.000575146480466766,0,0,-7.91034227963347e-07,0,0,0,0
"GOOB",2,20,46,"No","Unavg","Mod.15",1.19033684814735,0.355449858513733,0.119371264451143,-5.08464566426945,1.67710769813622,0.00658520387176038,NA,-0.000845413091750648,NA,NA,-3.80462764990291e-06,NA,NA,NA,NA
"GOOB",2,20,46,"No","Unavg","Mod.7",0,0.644550141486268,0.117549389138446,-4.55535216750895,0.955220808203332,0.00592306757953584,NA,NA,NA,NA,-3.75599095379019e-06,NA,NA,NA,NA
"GOOB",2,20,46,"No","Avg",NA,NA,NA,NA,-4.74348946604471,1.2118154010929,0.00615842383092386,0,-0.000300501963848425,0,0,-3.77327886054203e-06,0,0,0,0
"GYDR",2,17,26,"No","Unavg","Mod.15",1.49766172736764,0.195176921082393,0.0685879569867658,-4.05816167887121,-0.159758459981221,0.00441128014147832,NA,0.000724107563824997,NA,NA,-3.00630464053588e-06,NA,NA,NA,NA
"GYDR",2,17,26,"No","Unavg","Mod.6",0.102357503619771,0.392116326366312,0.0606419725609885,-4.12512938528807,NA,0.00471861160515858,NA,NA,NA,NA,-2.93207882805244e-06,NA,NA,NA,NA
"GYDR",2,17,26,"No","Unavg","Mod.7",0,0.412706752551295,0.0670555046646171,-4.38612490160802,0.465459521022672,0.00473493003881862,NA,NA,NA,NA,-2.94154063319695e-06,NA,NA,NA,NA
"GYDR",2,17,26,"No","Avg",NA,NA,NA,NA,-4.21977344650853,0.160917123029349,0.00466536232408828,0,0.000141329084839835,0,0,-2.95047094447226e-06,0,0,0,0
"HIAL",2,12,7,"No","Unavg","Mod.11",0.928192851628836,0.144661570008539,0.0889974635413282,-1.95871643752398,0.857726105733784,-0.00149293947479665,NA,-0.00199317187962509,NA,NA,NA,NA,NA,NA,NA
"HIAL",2,12,7,"No","Unavg","Mod.15",0.578372648806635,0.172312056654819,0.10230971805329,-4.32079854079452,1.8427744370405,0.00416503806115661,NA,-0.00338939317068975,NA,NA,-2.88073943187723e-06,NA,NA,NA,NA
"HIAL",2,12,7,"No","Unavg","Mod.2",0,0.230095269935626,0.0715949922706888,-1.76015872244547,NA,-0.00205091974711322,NA,NA,NA,NA,NA,NA,NA,NA,NA
"HIAL",2,12,7,"No","Unavg","Mod.3",0.624832240852243,0.168355416619967,0.0793856237345058,-1.51268942966864,-0.559593807969419,-0.00205562968895905,NA,NA,NA,NA,NA,NA,NA,NA,NA
"HIAL",2,12,7,"No","Unavg","Mod.6",0.670301330316789,0.164571113073733,0.0791280312214053,-3.17292637288163,NA,0.00156527548148836,NA,NA,NA,NA,-1.95358203020265e-06,NA,NA,NA,NA
"HIAL",2,12,7,"No","Unavg","Mod.7",1.30192716797404,0.120004573707318,0.0868801754470875,-2.92488100365456,-0.557712145711215,0.00155611594420229,NA,NA,NA,NA,-1.95076727717879e-06,NA,NA,NA,NA
"HIAL",2,12,7,"No","Avg",NA,NA,NA,NA,-2.56072145640264,0.28047360131402,0.00012807213926101,0,-0.000872368681456784,0,0,-1.05199030088472e-06,0,0,0,0
"HODI",2,17,9,"No","Unavg","Mod.11",1.81591154169456,0.0967608324474223,0.146952478234685,-0.699793044158984,0.178837938194068,-0.00265632807042907,NA,-0.00134342591578168,NA,NA,NA,NA,NA,NA,NA
"HODI",2,17,9,"No","Unavg","Mod.15",0.582366231353774,0.179291853417513,0.161324727289201,-3.12297133521785,0.949131929492081,0.00401505934056874,NA,-0.00255226799996007,NA,NA,-4.00423377647565e-06,NA,NA,NA,NA
"HODI",2,17,9,"No","Unavg","Mod.2",1.23432304644422,0.129416584252582,0.131758548104817,-0.731938826647886,NA,-0.00303484989584199,NA,NA,NA,NA,NA,NA,NA,NA,NA
"HODI",2,17,9,"No","Unavg","Mod.3",0.545215665197929,0.182653374294546,0.143710915339013,-0.427776652678531,-0.685681776368612,-0.00305142584389868,NA,NA,NA,NA,NA,NA,NA,NA,NA
"HODI",2,17,9,"No","Unavg","Mod.6",0.665603227556403,0.171983139525216,0.143175824637254,-2.58507704829466,NA,0.00232642056354249,NA,NA,NA,NA,-3.38282402987183e-06,NA,NA,NA,NA
"HODI",2,17,9,"No","Unavg","Mod.7",0,0.239894216062722,0.155023722158418,-2.28370975482025,-0.680455056311862,0.00230850876956204,NA,NA,NA,NA,-3.38057802751442e-06,NA,NA,NA,NA
"HODI",2,17,9,"No","Avg",NA,NA,NA,NA,-1.79293417626517,-0.101003191896641,0.000466628795288909,0,-0.000587591870073526,0,0,-2.11069630816946e-06,0,0,0,0
"LIBO",2,48,65,"No","Unavg","Mod.15",0.960271340292138,0.300785667292075,0.211179348131883,-5.63772787441821,1.18681894493792,0.0122094662107349,NA,-0.000995954361935223,NA,NA,-7.90194837679973e-06,NA,NA,NA,NA
"LIBO",2,48,65,"No","Unavg","Mod.6",1.64995373719307,0.213056362601882,0.203753198120411,-4.91699675727304,NA,0.011461607991738,NA,NA,NA,NA,-7.78136050273163e-06,NA,NA,NA,NA
"LIBO",2,48,65,"No","Unavg","Mod.7",0,0.486157970106043,0.209532929388618,-5.1634870006662,0.423212203458047,0.0115328194102926,NA,NA,NA,NA,-7.82779028731156e-06,NA,NA,NA,NA
"LIBO",2,48,65,"No","Avg",NA,NA,NA,NA,-5.25361554366068,0.562726114065299,0.0117211730238717,0,-0.000299568797347139,0,0,-7.84020381672437e-06,0,0,0,0
"LUPE",2,35,32,"No","Unavg","Mod.2",0,0.710107642177503,0.374900376446807,-10.1329652029437,NA,0.00526812128114401,NA,NA,NA,NA,NA,NA,NA,NA,NA
"LUPE",2,35,32,"No","Unavg","Mod.3",1.79181378618171,0.289892357822497,0.375364008144623,-10.0703986783296,-0.139020302721576,0.00527161298421094,NA,NA,NA,NA,NA,NA,NA,NA,NA
"LUPE",2,35,32,"No","Avg",NA,NA,NA,NA,-10.1148276456025,-0.0403009233411551,0.0052691334991789,0,0,0,0,0,0,0,0,0
"MANE",2,61,59,"No","Unavg","Mod.6",0,0.72744207904382,0.260857093212222,-4.06419754043174,NA,0.0114330949618883,NA,NA,NA,NA,-9.06620158290729e-06,NA,NA,NA,NA
"MANE",2,61,59,"No","Unavg","Mod.7",1.96336646791389,0.27255792095618,0.260913028403838,-4.04294216325734,-0.0424463290528439,0.0114329530834632,NA,NA,NA,NA,-9.06633032617995e-06,NA,NA,NA,NA
"MANE",2,61,59,"No","Avg",NA,NA,NA,NA,-4.05840421901995,-0.011569083198865,0.0114330562917997,0,0,0,0,-9.06623667290602e-06,0,0,0,0
"MEFE",2,26,10,"Yes","Unavg","Mod.207",0,0.713808463979744,0.0943225516501731,-5.37597515646341,-0.777879616811612,0.00554894991948566,-8.57378841092324,NA,0.00632533567864401,-15.9309622824341,-2.45954171587329e-06,NA,NA,NA,NA
"MEFE",2,26,10,"Yes","Unavg","Mod.223",1.82790675117889,0.286191536020256,0.0949209596683022,-5.24360691761901,-1.24640452577067,0.00544732960672602,-8.75393807414935,0.000425735289592987,0.00648491163730528,-16.2165932197161,-2.47673704993751e-06,NA,NA,NA,NA
"MEFE",2,26,10,"Yes","Avg",NA,NA,NA,NA,-5.33809248686823,-0.911967480170355,0.00551986704608612,-8.62534571975545,0.000121841836466645,0.00637100496736519,-16.0127074391098,-2.46446287494151e-06,0,0,0,0
"OPHO",2,29,16,"No","Unavg","Mod.31",0,1,0.131374109805787,-0.476694350705116,-7.53373103994207,-0.00161149233818359,NA,0.0141740023966576,NA,NA,-6.0247774747921e-07,-6.21453104830569e-06,NA,NA,NA
"OPHO",2,29,16,"No","Avg",NA,NA,NA,NA,-0.476694350705116,-7.53373103994207,-0.00161149233818359,0,0.0141740023966576,0,0,-6.0247774747921e-07,-6.21453104830569e-06,0,0,0
"PAMY",2,127,108,"Yes","Unavg","Mod.14",0.304591141653873,0.165632889188164,0.0522912180711722,-2.25393206195311,NA,0.00388767199423859,0.97570083109122,NA,NA,NA,-2.04692336815018e-06,NA,NA,NA,NA
"PAMY",2,127,108,"Yes","Unavg","Mod.142",0.514598336445374,0.14912281542817,0.0542310958401173,-2.18315925561436,NA,0.00387571304414651,0.269065569576241,NA,0.000662033892008288,NA,-2.09516229726541e-06,NA,NA,NA,NA
"PAMY",2,127,108,"Yes","Unavg","Mod.143",0.208398652317442,0.17379389282348,0.0567304050468194,-2.06553916059286,-0.248231271116455,0.00388543508679992,0.270992778288407,NA,0.000663382937078733,NA,-2.10038266932773e-06,NA,NA,NA,NA
"PAMY",2,127,108,"Yes","Unavg","Mod.15",0,0.192880224781383,0.0547887840441714,-2.13650790663932,-0.247983214469574,0.00389729498928549,0.97915791048636,NA,NA,NA,-2.05201310920034e-06,NA,NA,NA,NA
"PAMY",2,127,108,"Yes","Unavg","Mod.31",1.97952846491626,0.0716866950914977,0.0548109697622869,-2.16425726530311,-0.191863619604409,0.00392543511640959,0.979159141181985,-5.44305827804606e-05,NA,NA,-2.05315905112721e-06,NA,NA,NA,NA
"PAMY",2,127,108,"Yes","Unavg","Mod.398",1.75246211205308,0.0803055185893458,0.0550570495055759,-2.38692870829229,NA,0.00431177402694896,1.30507734922133,NA,-0.00163390926088474,NA,-2.29457474321199e-06,NA,1.00295947680803e-06,NA,NA
"PAMY",2,127,108,"Yes","Unavg","Mod.399",1.4479720707651,0.0935114009246964,0.0575545059125748,-2.2693763097043,-0.248124128201149,0.0043215183199991,1.30761048107267,NA,-0.00163382589471539,NA,-2.29978790995335e-06,NA,1.00344230117385e-06,NA,NA
"PAMY",2,127,108,"Yes","Unavg","Mod.79",1.94139709857359,0.0730665631732624,0.054852294056805,-2.14383920201695,-0.233985878273821,0.00389904592849167,1.04184819509732,NA,NA,-0.125982795599887,-2.05295496141247e-06,NA,NA,NA,NA
"PAMY",2,127,108,"Yes","Avg",NA,NA,NA,NA,-2.18563986982479,-0.145025184662337,0.00396552144561726,0.811087401685139,-3.9019485914354e-06,-6.9977017852433e-05,-0.00920512989344334,-2.10881071647648e-06,0,1.74376476239036e-07,0,0
"PHEM",2,61,51,"No","Unavg","Mod.6",0,0.534376279168854,0.455723211570239,-35.1165346971051,NA,0.0378649662498095,NA,NA,NA,NA,-1.00769813046601e-05,NA,NA,NA,NA
"PHEM",2,61,51,"No","Unavg","Mod.7",0.275444783065325,0.465623720831146,0.458468963388344,-35.0896417110298,-0.345486446519148,0.0380161601958334,NA,NA,NA,NA,-1.01153884975705e-05,NA,NA,NA,NA
"PHEM",2,61,51,"No","Avg",NA,NA,NA,NA,-35.1040126848644,-0.160866684724977,0.0379353657375243,0,0,0,0,-1.00948646047297e-05,0,0,0,0
"POMU",2,20,10,"No","Unavg","Mod.11",1.99798511005147,0.171690539426647,0.203166543287228,0.413223879817691,-0.823618497944561,-0.0040692709203492,NA,7.52604870349511e-05,NA,NA,NA,NA,NA,NA,NA
"POMU",2,20,10,"No","Unavg","Mod.2",1.80829801144361,0.188771486281079,0.187976654686494,0.0433587064777201,NA,-0.00400442095067528,NA,NA,NA,NA,NA,NA,NA,NA,NA
"POMU",2,20,10,"No","Unavg","Mod.3",0,0.466233332334135,0.203158510888144,0.397008397276824,-0.778023703613579,-0.00404313140437658,NA,NA,NA,NA,NA,NA,NA,NA,NA
"POMU",2,20,10,"No","Unavg","Mod.7",1.97927047986474,0.173304641958139,0.203241149534824,0.265987566883564,-0.776553561010655,-0.00364453132424094,NA,NA,NA,NA,-2.61967699015739e-07,NA,NA,NA,NA
"POMU",2,20,10,"No","Avg",NA,NA,NA,NA,0.310326946365976,-0.63872842501684,-0.00397123263792207,0,1.29215136165429e-05,0,0,-4.54002182825203e-08,0,0,0,0
"PTAQ",2,47,19,"No","Unavg","Mod.15",1.75961304286977,0.29321787402298,0.108550227864335,-2.1840662403487,-1.37973275066194,0.00286303180188061,NA,0.000426563364317386,NA,NA,-2.2980773396525e-06,NA,NA,NA,NA
"PTAQ",2,47,19,"No","Unavg","Mod.7",0,0.70678212597702,0.108009317657803,-2.29200214449672,-1.02144550535689,0.00298889067610879,NA,NA,NA,NA,-2.29540314019133e-06,NA,NA,NA,NA
"PTAQ",2,47,19,"No","Avg",NA,NA,NA,NA,-2.26035340815169,-1.12650172971479,0.00295198660458068,0,0.000125076002821234,0,0,-2.29618726327205e-06,0,0,0,0
"RHAL",2,24,15,"No","Unavg","Mod.11",1.80157927206659,0.181172764991553,0.14531709636587,-5.76060749035455,-1.16847120641512,0.00232653668633707,NA,0.000408278150246236,NA,NA,NA,NA,NA,NA,NA
"RHAL",2,24,15,"No","Unavg","Mod.2",0.358063989864661,0.372862127458424,0.136939103928417,-6.21162252025052,NA,0.00246605815022463,NA,NA,NA,NA,NA,NA,NA,NA,NA
"RHAL",2,24,15,"No","Unavg","Mod.3",0,0.445965107550023,0.144666841214143,-5.99225323173315,-0.529414292603366,0.00247765727734983,NA,NA,NA,NA,NA,NA,NA,NA,NA
"RHAL",2,24,15,"No","Avg",NA,NA,NA,NA,-6.0320798318847,-0.447795461218622,0.00244595346681233,0,7.39688813657475e-05,0,0,0,0,0,0,0
"RULA",2,18,16,"No","Unavg","Mod.6",0,0.717945323454179,0.189353634976309,-23.9268613236217,NA,0.0309420564094678,NA,NA,NA,NA,-1.07845828461187e-05,NA,NA,NA,NA
"RULA",2,18,16,"No","Unavg","Mod.7",1.86858494873204,0.282054676545821,0.189830484402031,-23.8690324425436,-0.13185185731207,0.0309511162942758,NA,NA,NA,NA,-1.07877245644284e-05,NA,NA,NA,NA
"RULA",2,18,16,"No","Avg",NA,NA,NA,NA,-23.9105504172743,-0.0371894329661217,0.0309446117923469,0,0,0,0,-1.07854689824604e-05,0,0,0,0
"RUPA",2,33,22,"No","Unavg","Mod.15",1.77972082661256,0.137728234086723,0.105159686966003,-5.31651439045909,-0.0303557618304112,0.00869412539829835,NA,-0.000496683682318049,NA,NA,-5.04184713109037e-06,NA,NA,NA,NA
"RUPA",2,33,22,"No","Unavg","Mod.31",0.535877804839743,0.256519307882811,0.113450289791868,-7.49810947081765,4.07843616470861,0.0137856877403166,NA,-0.010211736056621,NA,NA,-7.75501492837296e-06,5.18122387757177e-06,NA,NA,NA
"RUPA",2,33,22,"No","Unavg","Mod.6",0.430383627637298,0.270413163556586,0.0983851321058904,-5.32168006556753,NA,0.00841987340837277,NA,NA,NA,NA,-4.99837402427119e-06,NA,NA,NA,NA
"RUPA",2,33,22,"No","Unavg","Mod.7",0,0.33533929447388,0.104596698213123,-5.12241784624558,-0.45050330029955,0.00843599711384796,NA,NA,NA,NA,-5.00826655986742e-06,NA,NA,NA,NA
"RUPA",2,33,22,"No","Avg",NA,NA,NA,NA,-5.81244431890481,0.890945317863414,0.00983948754131624,0,-0.00268791483199173,0,0,-5.71481047121269e-06,1.3290839630606e-06,0,0,0
"RUPE",2,23,25,"No","Unavg","Mod.15",1.1480458790104,0.288914873171727,0.0395418124562547,-7.39073402657509,1.62914550330949,0.00800189259571698,NA,-0.00132552049302285,NA,NA,-3.01950490762493e-06,NA,NA,NA,NA
"RUPE",2,23,25,"No","Unavg","Mod.6",0,0.512938024395868,0.0315085186942747,-6.27402685636256,NA,0.00684360760386253,NA,NA,NA,NA,-2.81744396679359e-06,NA,NA,NA,NA
"RUPE",2,23,25,"No","Unavg","Mod.7",1.90229066260054,0.198147102432405,0.031783743251655,-6.32240410782217,0.0940169286150179,0.00684473430223232,NA,NA,NA,NA,-2.81797540312659e-06,NA,NA,NA,NA
"RUPE",2,23,25,"No","Avg",NA,NA,NA,NA,-6.60624597901484,0.48931354845161,0.00717847661739816,0,-0.000382962585128221,0,0,-2.87592768045634e-06,0,0,0,0
"RUSP",2,15,21,"No","Unavg","Mod.2",0,0.370290153172915,0.0510996343245471,-1.49851076328788,NA,-0.00152801955720167,NA,NA,NA,NA,NA,NA,NA,NA,NA
"RUSP",2,15,21,"No","Unavg","Mod.3",0.902521693348604,0.235809918263815,0.054915820159388,-1.69263161321722,0.364050849811422,-0.00153032602341077,NA,NA,NA,NA,NA,NA,NA,NA,NA
"RUSP",2,15,21,"No","Unavg","Mod.6",0.862705559698838,0.24055147892654,0.0550542700625082,-2.42962277525942,NA,0.000701274801419957,NA,NA,NA,NA,-1.10797844572865e-06,NA,NA,NA,NA
"RUSP",2,15,21,"No","Unavg","Mod.7",1.76314823107447,0.15334844963673,0.0588776851374675,-2.62584401016264,0.364158610346718,0.000703508020846794,NA,NA,NA,NA,-1.11008417143348e-06,NA,NA,NA,NA
"RUSP",2,15,21,"No","Avg",NA,NA,NA,NA,-1.94114156220123,0.141689959456439,-0.000650102095465553,0,0,0,0,-4.36755540394354e-07,0,0,0,0
"SOSI",2,48,18,"No","Unavg","Mod.15",1.5257741133845,0.234618267358131,0.175745071704474,-11.3180690902548,-3.09516429263731,0.0142925066122753,NA,0.00133992339803853,NA,NA,-4.90810032340279e-06,NA,NA,NA,NA
"SOSI",2,48,18,"No","Unavg","Mod.31",0,0.503129129508004,0.18367864358634,-9.81888433448544,-17.1333236663323,0.0118737619552027,NA,0.0213301784040511,NA,NA,-3.99752698450715e-06,-6.89674781964523e-06,NA,NA,NA
"SOSI",2,48,18,"No","Unavg","Mod.7",1.30307736495172,0.262252603133864,0.171745846953049,-11.4645319663336,-1.14536781235856,0.0141099897917942,NA,NA,NA,NA,-4.71378040983899e-06,NA,NA,NA,NA
"SOSI",2,48,18,"No","Avg",NA,NA,NA,NA,-10.602195839627,-9.64683199568477,0.0130277002071733,0,0.0110462045987211,0,0,-4.39900344887818e-06,-3.46995472693433e-06,0,0,0
"SPBE",2,17,29,"Yes","Unavg","Mod.142",1.68254168667039,0.156351748060807,0.133226675315022,-4.9178546391263,NA,0.00696242560060518,3.7638375634334,NA,-0.00379722411755675,NA,-4.42128542478605e-06,NA,NA,NA,NA
"SPBE",2,17,29,"Yes","Unavg","Mod.143",0,0.362628577374432,0.143923333142758,-5.27773708563374,0.615482271110851,0.00699897630379642,3.80953180282648,NA,-0.00384347531499393,NA,-4.44316138869601e-06,NA,NA,NA,NA
"SPBE",2,17,29,"Yes","Unavg","Mod.159",1.91774249193247,0.139004716143355,0.144162266057148,-5.44826956828594,0.880324334522876,0.00721933474396448,3.82907329282793,-0.000336045875527357,-0.00386591589874642,NA,-4.44861003068506e-06,NA,NA,NA,NA
"SPBE",2,17,29,"Yes","Unavg","Mod.207",1.17653661641543,0.201363312112393,0.146315242535055,-5.37391559031048,0.758561680955817,0.00701218488968967,4.20761876936844,NA,-0.00380619873706196,-0.758561680955817,-4.4513867427243e-06,NA,NA,NA,NA
"SPBE",2,17,29,"Yes","Unavg","Mod.399",1.89418573547488,0.140651646309014,0.144230691233235,-5.40427416460283,0.615938559913456,0.00730185523727693,4.66431999878285,NA,-0.00651386542277713,NA,-4.60711758905719e-06,NA,1.86217155394827e-06,NA,NA
"SPBE",2,17,29,"Yes","Avg",NA,NA,NA,NA,-5.28233812610206,0.584939959602391,0.00706915254511511,4.00549126499017,-4.67119615388253e-05,-0.00420745183614974,-0.152746492518808,-4.46521542446503e-06,0,2.61917494772639e-07,0,0
"TITR",2,34,37,"No","Unavg","Mod.6",0,0.715303856291505,0.0483845648074448,-2.498633068095,NA,0.00213493197780734,NA,NA,NA,NA,-1.58830973173665e-06,NA,NA,NA,NA
"TITR",2,34,37,"No","Unavg","Mod.7",1.84256995433122,0.284696143708495,0.0487215325652823,-2.55013585181827,0.100405538840047,0.00213615640720478,NA,NA,NA,NA,-1.5890147576839e-06,NA,NA,NA,NA
"TITR",2,34,37,"No","Avg",NA,NA,NA,NA,-2.51329571201127,0.0285850697147347,0.00213528056813503,0,0,0,0,-1.58851044990504e-06,0,0,0,0
"TRBO",2,10,25,"No","Unavg","Mod.15",0.0510142430928511,0.385221827446646,0.204209814311159,-5.7677437567921,2.96007906714769,0.00920254702449846,NA,-0.00289807499015732,NA,NA,-6.91868039082648e-06,NA,NA,NA,NA
"TRBO",2,10,25,"No","Unavg","Mod.31",1.17500055667708,0.219604057613302,0.207320462963508,-4.16005139126869,0.0423130959237531,0.0047688010861367,NA,0.00583840814017878,NA,NA,-4.1178409421615e-06,-6.08548076262652e-06,NA,NA,NA
"TRBO",2,10,25,"No","Unavg","Mod.7",0,0.395174114940052,0.197289134860391,-4.10314645937825,1.01592613257455,0.00623240743277948,NA,NA,NA,NA,-6.19629728594499e-06,NA,NA,NA,NA
"TRBO",2,10,25,"No","Avg",NA,NA,NA,NA,-4.75688222619211,1.55104690547285,0.00705515614160177,0,0.000165736373799967,0,0,-6.01813757905706e-06,-1.33639626800047e-06,0,0,0
"VAAL",2,11,8,"No","Unavg","Mod.6",0,0.681014468070533,0.155413222111214,-17.146115565667,NA,0.0295211760302966,NA,NA,NA,NA,-1.46775273540742e-05,NA,NA,NA,NA
"VAAL",2,11,8,"No","Unavg","Mod.7",1.51687560790359,0.318985531929467,0.15815022933449,-17.0010975877341,-0.331165532255759,0.0295357652360955,NA,NA,NA,NA,-1.46838518352521e-05,NA,NA,NA,NA
"VAAL",2,11,8,"No","Avg",NA,NA,NA,NA,-17.0998569288368,-0.105637013463308,0.0295258297758688,0,0,0,0,-1.46795447720669e-05,0,0,0,0
"VADE",2,34,62,"No","Unavg","Mod.11",1.62835674492942,0.307000825291106,0.396703443926291,-8.96163532714666,0.00618164110007652,0.00458662178160083,NA,0.000626084726586226,NA,NA,NA,NA,NA,NA,NA
"VADE",2,34,62,"No","Unavg","Mod.3",0,0.692999174708894,0.396051730842308,-9.58297116045297,1.03351380907012,0.00495663511170229,NA,NA,NA,NA,NA,NA,NA,NA,NA
"VADE",2,34,62,"No","Avg",NA,NA,NA,NA,-9.392220546845,0.718121985655217,0.00484304071399243,0,0.000192208527764128,0,0,0,0,0,0,0
"VAME",2,95,111,"Yes","Unavg","Mod.142",0.0184089318203178,0.290106796237146,0.103149513003245,-6.1826340783214,NA,0.00989556818421297,-5.79879139172436,NA,0.00349552316653398,NA,-4.00348752290315e-06,NA,NA,NA,NA
"VAME",2,95,111,"Yes","Unavg","Mod.143",0,0.292789401387589,0.105460670990068,-6.32360576902943,0.247085706517762,0.00992372285930807,-5.81244760718211,NA,0.00350369460597983,NA,-4.01506523938136e-06,NA,NA,NA,NA
"VAME",2,95,111,"Yes","Unavg","Mod.159",1.65459331037846,0.128016214131039,0.10585617529885,-6.49124125501023,0.543535814695615,0.0100736662179027,-5.81746784810777,-0.000250337806772261,0.00350675422722851,NA,-4.02199960536271e-06,NA,NA,NA,NA
"VAME",2,95,111,"Yes","Unavg","Mod.191",1.06780433940344,0.171666117726969,0.108818150890735,-7.79710957608274,2.78629471577686,0.0124991314769367,-5.81404129434419,-0.00447075934227784,0.00350686928519772,NA,-5.02726855291117e-06,1.75777628291563e-06,NA,NA,NA
"VAME",2,95,111,"Yes","Unavg","Mod.207",1.82736761972092,0.117421470517258,0.105658341887266,-6.31401316402551,0.229598796462455,0.00992287077723628,-5.99955262992192,NA,0.00351185772644092,0.318021806950845,-4.01476280555984e-06,NA,NA,NA,NA
"VAME",2,95,111,"Yes","Avg",NA,NA,NA,NA,-6.55599328397437,0.647197698354923,0.0103767605240375,-5.83137224750353,-0.000799525197857265,0.00350321920745539,0.0373425882287237,-4.18631967738643e-06,3.01750630320668e-07,0,0,0
"VASI",2,24,23,"No","Unavg","Mod.6",0,0.728711287126642,0.162773954224315,-10.9221467758365,NA,0.00990319758641561,NA,NA,NA,NA,-2.61605324845386e-06,NA,NA,NA,NA
"VASI",2,24,23,"No","Unavg","Mod.7",1.97618799803183,0.271288712873358,0.162842053448487,-10.8987373907354,-0.0482787820399479,0.00990374422859588,NA,NA,NA,NA,-2.61619091361942e-06,NA,NA,NA,NA
"VASI",2,24,23,"No","Avg",NA,NA,NA,NA,-10.9157960738833,-0.0130974886387109,0.0099033458842691,0,0,0,0,-2.61609059545944e-06,0,0,0,0
