Plotno,Latitude,Longitude,UTME,UTMN,Elevation,Slope,Aspect,Ann_T,Wint_ppt,Sum_ppt,Plotarea
1,46.770484,-121.791843,592243,5180368,986.6652,16.97380638,188.0076356,5.882151127,100.3316325,19.98250016,500
2,46.748699,-121.804964,591278,5177932,906.9846,12.78130417,267.1819796,6.609784487,87.63228259,19.53345292,500
3,46.741748,-121.899658,584056,5177054,646.105,3.569103264,198.1157722,7.79201561,76.12432744,18.14127771,500
4,46.751807,-121.554148,610429,5178599,729.35,16.04490171,253.06669,7.819047077,88.09813932,13.40021374,375
5,46.77483,-121.555758,610259,5181155,707.6117,22.14746906,153.3525294,7.564047412,87.9685534,13.77675866,500
7,46.748045,-121.557665,610168,5178176,610.6823,16.94964741,250.4050025,7.911853514,87.7765705,13.42006528,500
8,46.752474,-121.56065,609931,5178664,645.1602,14.23224701,185.8136224,7.802068494,88.51500882,13.47870219,500
9,46.758484,-121.564078,609657,5179327,784.738,14.3553176,135.484137,7.490890676,89.79591801,13.72167932,500
10,46.759221,-121.565434,609552,5179407,788.1488,16.29175316,110.9738646,7.203221349,90.66760561,13.96212133,500
11,46.76925,-121.568612,609289,5180517,954.2828,21.0411712,126.0554354,6.637763026,87.26672857,13.96808897,500
12,46.773264,-121.550796,610641,5180988,673.3978,18.15893651,205.728493,7.695975822,89.00976752,13.79471492,500
13,46.773637,-121.548953,610781,5181032,700.5599,18.70305473,244.9756728,7.552462568,89.16523429,13.9245758,500
14,46.751359,-121.570081,609213,5178527,801.3668,13.28074353,140.8609704,7.484740315,91.73745509,13.77754172,500
15,46.718641,-121.576101,608819,5174883,557.8979,20.53313963,201.934773,8.361443755,83.12395427,12.68302198,500
16,46.72244,-121.573279,609027,5175309,616.3635,12.40549121,262.7432099,8.502112802,82.7800616,12.65545239,500
17,46.721827,-121.567459,609473,5175249,665.6989,13.58399117,268.7684087,8.348654881,82.50038305,12.6322606,500
18,46.723556,-121.564678,609682,5175445,783.2543,20.2208578,272.9874833,7.904568752,83.55175044,12.82935812,500
19,46.789194,-121.557261,610115,5182749,697.4197,13.55687271,119.9644443,7.55070189,83.11122334,13.46727174,500
20,46.789676,-121.551968,610518,5182810,765.5724,15.14866286,169.7316943,7.516501512,83.60408492,13.53968961,500
21,46.833102,-121.537531,611530,5187656,921.429,14.25335902,213.1921395,6.150051087,73.39626087,11.93602854,500
22,46.838147,-121.54142,611223,5188211,935.0674,15.75894467,116.7371026,6.16921425,73.09308235,12.1139781,500
23,46.841382,-121.54389,611028,5188567,1043.0906,19.33102392,126.1527453,5.981055584,72.79670617,12.14504141,500
24,46.839604,-121.547059,610790,5188365,966.5324,19.46501582,125.5276797,5.9694106,72.85913955,12.25259126,500
25,46.841164,-121.555844,610117,5188526,1082.364,29.24621944,131.9160773,5.38443736,74.02454324,12.55411596,500
26,46.75876,-121.554551,610384,5179371,660.7486,14.01782616,219.9948258,7.854808342,88.32970042,13.38256207,500
27,46.745173,-121.5748,608865,5177833,851.6816,14.63036709,148.2225987,7.068062403,93.39621087,13.79816452,500
28,46.732426,-121.581759,608359,5176407,919.3647,33.41076203,109.7506384,6.922787984,89.11457531,13.52980256,500
29,46.733652,-121.579764,608509,5176546,870.8043,29.10614431,136.969504,7.454699792,88.02619584,13.39503978,500
30,46.752852,-121.544954,611129,5178728,929.5917,13.78130815,290.0591109,7.07213791,92.6128948,13.89765741,500
31,46.758198,-121.537215,611709,5179333,952.14,10.0558774,277.4578722,6.792423689,97.16711987,14.82134732,500
32,46.758176,-121.533418,611999,5179336,985.8542,10.21644269,252.9381555,6.798521462,99.23586837,15.3160912,500
33,46.762755,-121.517239,613225,5179868,1155.2415,16.60012036,227.103252,5.431181804,102.8527366,16.19116601,500
35,46.973268,-121.533648,611535,5203237,905.3448,27.26237283,207.4017397,6.214503713,54.93583052,9.803789838,500
36,46.923564,-121.532746,611707,5197715,1085.2474,15.25557759,259.1885285,5.521633924,59.29964556,10.87477559,500
37,46.924117,-121.531023,611837,5197779,1104.7345,17.27207781,301.9056231,5.243402202,60.38160561,10.91981217,500
38,46.908281,-121.541738,611054,5196004,1076.0726,16.15510122,270.7078491,5.41691278,67.70432482,11.97142972,500
39,46.78379,-121.764544,594304,5181879,1258.8895,25.15904804,206.4263079,4.476367594,121.9329911,20.79264432,500
40,46.782122,-121.768394,594013,5181689,1223.9727,31.06551569,239.6765725,4.82890326,116.4708251,20.55616037,500
41,46.776675,-121.789241,592431,5181059,1111.5183,22.40024758,168.471963,5.538195111,104.6433423,20.14187511,500
42,46.737046,-121.858784,587186,5176576,738.4178,10.18502675,192.3540214,7.439785984,79.16634604,18.16131034,500
43,46.776148,-121.782049,592981,5181009,1060.392,7.072592731,190.3200314,5.685363034,106.5307208,20.19165815,500
44,46.735797,-121.840184,588609,5176458,785.6947,13.25094505,212.625432,7.384179817,82.48298303,17.80199401,500
45,46.739374,-121.885949,585107,5176805,681.7464,10.13493948,244.1918401,7.709437259,76.85076798,18.1135583,500
46,46.739669,-121.910068,583264,5176812,662.682,9.521363984,207.7701569,7.77029185,75.15232234,18.09434533,500
47,46.748531,-121.846483,588107,5177866,814.9023,10.26217322,219.8688962,6.984619536,82.8209089,18.74000159,500
48,46.750279,-121.846642,588092,5178060,828.4601,10.60458934,207.2014931,6.962281302,83.03599401,18.79665051,500
49,46.756757,-121.851847,587684,5178774,997.4271,21.86955209,140.3642335,6.564199283,86.73971567,19.30863419,500
50,46.770977,-121.854662,587446,5180351,1401.8496,19.84892385,175.8824557,4.851023957,101.6064916,20.01067284,500
51,46.761342,-121.85057,587774,5179285,1155.3674,22.90538295,156.4028776,6.095879601,91.90108205,19.63911014,500
52,46.786288,-121.885073,585100,5182019,914.377,18.02915793,150.0615993,6.593222542,99.22022878,19.98125324,500
53,46.80004,-121.902939,583715,5183528,1238.9218,18.72429909,98.86724583,5.362474116,102.7354553,20.95848771,500
54,46.804443,-121.899468,583973,5184021,1104.9808,20.20782781,180.402022,5.839520098,101.8289344,20.91735127,500
55,46.74488,-121.896911,584261,5177405,726.7117,10.16805688,186.8306197,7.596654219,77.92394126,18.44387571,500
56,46.735809,-121.826427,589660,5176475,770.9805,7.286663849,179.6063666,7.190775485,83.84541977,17.78500629,500
57,46.830411,-121.522105,612712,5187379,1084.335,25.7738902,196.5325177,5.261188533,73.48208202,11.55608666,500
58,46.833013,-121.518677,612968,5187673,1094.9757,24.80490693,223.4098407,5.317425469,73.711994,11.50442928,500
59,46.844147,-121.527932,612239,5188897,1249.3595,23.73692863,259.990853,5.241734315,73.70206978,11.91588991,500
60,46.92032,-121.567233,609088,5197306,1517.6687,26.15332276,164.3510107,3.566849945,73.23228497,12.78013102,500
61,46.917596,-121.563195,609401,5197009,1301.8926,24.70399264,127.3793559,4.276975003,72.49197967,12.53092199,500
62,46.919139,-121.557046,609866,5197189,1205.1,19.56688474,116.4953211,4.932890325,71.10187981,12.19067835,500
63,46.921402,-121.561674,609509,5197434,1383.9908,25.60197705,123.3834691,4.098972035,71.63974197,12.36835252,500
64,46.771999,-121.581952,608265,5180804,1251.838,22.39286798,99.53305275,5.655235162,97.38762421,14.43191838,500
65,46.779402,-121.589748,607655,5181616,1285.478,10.69909945,128.1359095,5.1890924,101.6989793,14.99729352,500
66,46.782105,-121.589953,607634,5181916,1452.2155,13.28103715,149.0042222,4.79926139,101.1720772,15.10104536,500
67,46.899357,-121.555489,610025,5194993,1149.3682,13.04802603,226.7397809,5.340519095,75.93048963,13.00924811,500
68,46.898198,-121.569227,608981,5194845,1066.3358,17.14156256,190.5503928,5.179079828,77.61716982,13.20154706,500
69,46.90033,-121.566308,609199,5195086,1052.7299,6.661856368,104.4019281,5.556568957,76.10923714,12.96894466,500
70,46.887327,-121.611638,605772,5193579,1173.7377,21.18966718,139.4332511,4.627944928,79.91761797,13.36743321,500
71,46.895666,-121.617278,605326,5194498,1224.3746,26.67012196,98.27127727,4.034360569,80.71845498,13.61527903,500
72,46.878046,-121.540457,611214,5192646,1362.4435,19.7722613,252.2672207,4.392339283,83.76626331,13.71897358,500
73,46.888305,-121.590007,607418,5193717,1313.1906,13.33286003,172.8524797,4.534214628,79.08953689,13.35125641,500
74,46.885244,-121.585559,607763,5193383,1338.3309,19.01494082,161.7838189,4.22877738,81.47446864,13.68512781,500
75,46.880459,-121.587194,607648,5192849,1516.0212,21.29336476,120.0146768,3.590091887,83.57490745,13.9323924,500
76,46.874057,-121.583963,607907,5192142,1543.8312,18.83032193,61.22515769,3.283409759,87.56636501,14.40111672,500
77,46.731001,-121.568446,609379,5176267,607.8784,15.13507495,261.5142143,8.354884384,85.44792873,13.08504215,500
78,46.730704,-121.565614,609596,5176238,649.901,21.78741173,304.7916023,7.977391903,85.80819365,13.16290166,500
79,46.730715,-121.559305,610078,5176248,856.0419,26.23998153,305.747549,7.665801122,86.84114178,13.31312028,500
80,46.728856,-121.555324,610386,5176047,1040.8129,30.06070453,291.9317569,6.869977675,88.81135875,13.54557846,500
81,46.724799,-121.552645,610599,5175600,1220.1807,27.27816282,263.4007175,6.611363866,88.03745823,13.47018593,500
82,46.723727,-121.554008,610497,5175479,1212.6057,27.65094521,265.344906,6.896667133,87.04959884,13.38740739,500
83,46.725985,-121.573945,608969,5175702,559.9576,8.715139236,267.6139511,8.541948931,83.98557668,12.8450684,500
84,46.83019,-121.5406,611302,5187328,880.2203,19.26979127,233.6083391,6.124760268,73.60043569,11.96229598,500
85,46.828886,-121.54352,611082,5187179,867.3887,22.36823096,181.7895821,6.326915415,73.68885174,12.12695879,500
86,46.811148,-121.561274,609764,5185183,862.585,18.69363288,130.7901044,6.90468608,75.79618237,12.61771773,500
87,46.805374,-121.568702,609209,5184531,776.3169,25.60608588,112.2531271,6.859893388,75.9432722,12.63280639,500
88,46.803392,-121.570668,609063,5184308,850.2967,26.64918642,96.02780024,6.767611787,75.83045158,12.62259353,1000
89,46.886665,-121.542442,611045,5193601,1278.2988,23.582632,232.0511895,4.736412431,82.50338381,13.84657982,500
90,46.884973,-121.615636,605472,5193312,1224.2686,23.20486001,121.8194451,4.566014567,81.6586673,13.57665314,1000
91,46.875137,-121.626795,604641,5192204,1305.1467,22.22223862,173.057503,4.173746354,93.13725018,14.75767017,500
92,46.875593,-121.628844,604484,5192252,1396.5822,22.64072351,173.1860242,4.083889738,94.10712003,14.84712871,500
93,46.751567,-121.823754,589838,5178229,1087.071,25.29293852,149.1019815,6.430667118,85.33840383,18.75162279,500
94,46.755974,-121.826186,589645,5178716,1138.6926,19.05568745,244.1685977,6.34301255,86.27406245,19.07747492,500
95,46.773849,-121.808154,590992,5180723,1174.7346,9.286383626,232.3663307,5.687557802,100.6402161,20.00714552,500
96,46.767616,-121.801572,591505,5180038,1188.1356,25.27903685,191.6538978,5.885954443,96.18237446,19.8151485,500
97,46.779931,-121.782304,592955,5181429,1144.6472,12.71855597,170.4211004,5.400738801,108.6223242,20.28093193,500
98,46.78041,-121.782503,592939,5181482,1172.1406,13.38720262,166.8406828,5.361539813,108.9509188,20.29568408,500
99,46.783581,-121.78534,592717,5181831,1327.4131,20.22814359,166.8670452,5.005129312,111.1135058,20.40564115,500
100,46.784816,-121.78729,592566,5181966,1384.9502,25.88284614,199.2236859,4.74344537,114.1868535,20.55302701,500
101,46.784877,-121.790446,592325,5181969,1454.6398,27.20432107,265.2885404,4.618185519,113.2536896,20.51580629,500
102,46.99463,-121.618922,605007,5205493,946.1874,26.62731381,225.3194452,5.326048142,69.99805417,13.47107251,500
103,46.992887,-121.617692,605104,5205301,998.2084,26.37133719,235.7633944,5.230113106,69.29375545,13.41587176,500
104,46.985988,-121.626864,604420,5204522,993.1776,22.7194861,210.8054494,5.295323055,72.60771399,13.75464116,500
105,46.976473,-121.637192,603653,5203451,1061.1108,28.05714362,198.0083569,5.071040538,73.67843578,14.73873177,500
106,46.967435,-121.639933,603462,5202443,1229.2976,23.40923295,289.8653923,4.914836755,74.38357623,14.79874388,500
107,46.962246,-121.650882,602639,5201852,1179.0052,27.07640142,189.3094346,4.406783756,73.68659261,14.78367118,500
108,46.962335,-121.653115,602469,5201859,1249.8539,26.7062016,161.0538016,4.279324419,73.68312584,14.80642694,500
109,46.962077,-121.654896,602334,5201828,1323.4329,25.95132176,141.7241691,4.188052564,73.59451594,14.83512753,500
110,46.961559,-121.656723,602196,5201768,1416.7437,23.46363572,123.9457067,3.930371261,73.54247883,14.96292589,500
111,46.968425,-121.642997,603227,5202549,1115.0688,24.42981008,248.8279497,4.901762213,74.3270604,14.77572053,500
112,46.899189,-121.625091,604724,5194879,1281.2521,13.32546449,136.845887,4.231542151,81.56291957,13.93080963,500
113,46.908896,-121.577018,608366,5196023,1349.8776,21.30474498,128.5998165,4.506133727,77.27292281,13.17358796,500
114,46.898124,-121.608484,605991,5194783,1224.4672,24.75694792,123.2825758,4.40574205,79.39768264,13.3475978,500
115,46.913178,-121.585559,607707,5196487,1613.5031,22.53789139,126.9405851,3.25373189,79.15050727,13.63203899,500
116,46.916982,-121.57159,608763,5196929,1515.2661,22.48356053,142.5817275,3.827289753,74.82678116,12.96976031,500
117,46.746194,-121.79952,591698,5177660,1016.4742,18.65247077,265.6568099,6.194442303,91.84153057,19.70098269,500
118,46.745117,-121.793745,592141,5177547,1278.3544,28.65393574,245.6031208,5.675299671,97.45026227,19.94334516,500
119,46.747091,-121.78722,592636,5177774,1415.2476,31.17017954,225.3682462,4.817869124,106.5506534,20.25767936,500
120,46.75141,-121.784649,592825,5178257,1546.4431,25.44395035,244.7678687,4.195520794,109.657727,20.34393349,500
121,46.83326,-121.532255,611932,5187681,1031.9338,10.36517867,227.5802307,5.995977431,72.65506808,11.83535,500
122,46.84182,-121.560731,609743,5188592,1142.851,26.14585975,167.343493,5.030969629,75.71307302,12.72884751,1000
123,46.847911,-121.570707,608970,5189255,1358.5343,20.71081426,177.5668231,4.537466703,81.94162115,13.48163619,500
124,46.994755,-121.911744,582743,5205156,543.9787,36.55358041,121.2082389,6.994175413,65.29005331,23.60956272,1000
125,46.99558,-121.911477,582762,5205248,544.681,36.44810559,123.2323246,7.005936353,65.27842005,23.60087637,1000
126,46.995065,-121.897112,583855,5205206,565.2534,33.94416628,219.2140538,7.394996428,65.03979917,23.4087768,1000
127,46.995198,-121.886693,584647,5205232,579.8147,26.23501061,72.13797309,6.987053549,65.81290319,24.0484017,1000
128,46.994865,-121.883898,584860,5205198,583.5206,17.95853821,63.36460304,7.336352724,65.14773885,23.78102874,1000
129,46.995053,-121.873662,585638,5205230,597.9741,8.480613857,300.0295233,7.459338651,65.05700307,23.82001811,500
130,46.990366,-121.871051,585844,5204712,680.5969,17.05175607,332.4223094,7.049908085,65.7887994,24.26513283,1000
131,46.993256,-121.869386,585966,5205035,608.468,13.76835223,334.6157941,7.147595135,65.44527826,24.06241832,1000
132,46.996653,-121.864421,586338,5205418,613.2416,10.73645265,337.5401321,7.197308349,64.83403123,23.79551189,1000
133,46.99412,-121.857636,586858,5205144,668.8756,11.64523006,311.5133048,7.294953262,64.41455734,23.68073914,500
134,46.989902,-121.852452,587259,5204681,689.5516,17.05801876,192.4520956,7.142362511,65.1197525,23.8675511,500
135,46.986622,-121.854784,587087,5204314,803.2769,22.13977028,145.8410153,7.03374104,65.51790433,23.99420923,500
136,46.979877,-121.858754,586796,5203560,975.1517,30.06867201,197.8865873,6.283855511,67.54903531,25.11132501,500
137,46.975455,-121.861149,586621,5203066,980.6008,32.91179081,243.9574617,5.456958337,69.14413089,25.93360043,1000
138,46.982116,-121.85321,587214,5203815,933.5023,27.27755838,142.1930851,6.462273459,66.79701685,24.58338519,1000
139,46.978818,-121.835767,588546,5203468,701.5008,24.10812735,84.95264515,6.738072962,66.24959265,24.17953041,1000
140,46.979032,-121.839115,588291,5203488,740.4839,27.90760202,73.00668757,6.625343049,66.45692676,24.22676725,500
141,46.983654,-121.839699,588239,5204001,681.8965,14.05852646,80.62019592,6.915732427,65.79313404,24.05792634,1000
142,46.973972,-121.829167,589056,5202937,723.4418,20.72459338,158.7555371,6.726791513,66.21388482,24.40994232,1000
143,46.969748,-121.831455,588889,5202465,829.3468,26.97322022,203.686328,6.477492742,66.59779743,24.71156492,500
144,46.967315,-121.833795,588715,5202192,863.0314,25.20846872,260.7120915,6.306434448,66.94643868,24.88967449,500
145,46.959482,-121.851223,587402,5201302,1125.6893,27.25491119,284.8553884,5.152254203,68.33021288,26.51117546,500
146,46.953077,-121.860494,586707,5200580,1229.8628,28.45533267,218.4046227,4.314371811,69.76455753,27.17044319,500
147,46.995692,-121.776385,593033,5205412,1258.4147,13.46922572,162.1389607,4.842757134,82.20130638,25.37319538,500
148,46.991518,-121.773955,593225,5204951,1249.108,13.51946705,127.9649457,4.885358174,82.4123736,25.29666072,500
149,46.989641,-121.773511,593262,5204743,1246.6737,13.91919851,107.9168467,5.00600991,82.83327814,24.96967649,1000
150,46.984501,-121.770789,593478,5204175,1207.6959,15.04362324,74.31703414,4.811074252,82.1042485,25.04909018,1000
151,46.975792,-121.767649,593732,5203211,1282.0092,19.58354986,52.19152324,4.602775729,82.65253924,25.39950335,500
152,46.979441,-121.769734,593567,5203614,1246.0729,16.32913753,65.15560089,4.744334512,82.13570182,25.30850382,1000
153,46.931573,-121.911685,582845,5198135,1185.4866,18.56593059,201.5273189,5.547867198,71.61315664,26.50386381,500
154,46.938944,-121.900433,583690,5198966,1130.46,18.66593504,192.6084744,5.197493034,72.34729781,27.07134691,500
155,46.942395,-121.895264,584078,5199355,1212.4363,19.97175713,208.6637936,5.069417466,71.36370944,26.804723,500
156,46.949417,-121.870717,585935,5200162,1399.5656,28.64262766,182.5733779,4.179491125,70.41452516,26.88529196,1000
157,46.935184,-121.867429,586208,5198584,1542.2015,17.01104203,163.4164749,4.014837201,69.49410504,26.12842478,500
158,46.931111,-121.862352,586601,5198137,1500.0388,16.75799983,204.8365551,4.105825616,69.32242439,26.36005199,500
159,46.927004,-121.863779,586499,5197679,1462.0861,19.70235694,220.1676951,4.612656991,68.59427848,25.74810528,500
160,46.921326,-121.858357,586921,5197054,1429.9559,20.9036458,252.2404632,4.742334223,68.94806931,25.97427121,500
161,46.942218,-121.863484,586497,5199370,1528.3735,23.68073533,231.3970322,3.894677066,69.60476749,26.85756825,500
162,46.948335,-121.865917,586302,5200047,1587.208,30.73709378,160.9196459,4.097821852,70.21500371,27.00622349,500
163,46.93683,-121.880126,585239,5198753,1476.2487,14.78262498,338.142644,4.257011874,69.26919692,26.47147385,500
164,46.941755,-121.889601,584510,5199290,1178.5685,15.44034019,212.5679362,4.982229172,70.51228325,26.65552992,500
165,46.930255,-121.653959,602466,5198293,1764.2483,20.45288743,127.6502999,2.376769881,83.44496412,15.52548175,500
166,46.930555,-121.65424,602444,5198326,1767.4359,20.40988901,124.8616337,2.377993876,83.38738643,15.52752852,500
167,46.933558,-121.6487,602860,5198667,1681.647,20.99212321,150.2758491,2.67404427,82.80991585,14.76555809,500
168,46.932859,-121.644356,603192,5198595,1627.3899,14.97240539,190.390873,2.676491873,82.79770049,14.80066515,500
169,46.851932,-121.516806,613071,5189778,1293.5548,27.74493491,300.3689257,4.414382745,77.06917228,12.26808699,1000
170,46.855962,-121.515317,613176,5190228,1285.4327,27.8407083,250.1535042,3.952527276,81.29609222,12.80482306,500
171,46.85637,-121.516211,613107,5190272,1303.8776,27.47881662,234.1517862,3.992512079,81.66506439,12.93586269,500
172,46.864104,-121.533265,611791,5191107,1385.3784,18.38212894,123.422407,4.218503175,80.35942549,13.21316182,500
173,46.964342,-121.808963,590609,5201890,803.1158,24.92209014,164.9029811,6.067068676,66.35934626,25.28010587,1000
174,46.96125,-121.797281,591503,5201560,875.7338,37.43548509,147.6817772,6.01099476,69.37740813,25.60254254,1000
175,46.963513,-121.786662,592307,5201824,1199.9139,27.97078258,260.6292493,5.213873194,71.80545127,25.78358735,500
176,46.989996,-121.844822,587839,5204700,658.2709,14.85430931,155.0198948,7.137057062,65.23197335,23.91904906,1000
177,46.995578,-121.859485,586715,5205304,622.8272,11.30547697,292.6259334,7.285912229,64.57391315,23.70162464,500
178,46.992345,-121.839537,588237,5204967,688.846,20.26940766,211.8554567,7.085136352,65.10161777,24.08852284,1000
179,46.99151,-121.84596,587750,5204867,666.5913,13.32205496,178.8733082,7.170485022,65.0642351,23.87967141,1000
180,46.91379,-121.893725,584240,5196178,800.2534,22.01106275,175.4540387,6.794138896,69.91002044,23.38056277,500
181,46.909801,-121.890656,584480,5195738,833.1564,6.930403007,281.1854279,6.882887629,69.65729604,23.28095967,500
182,46.913055,-121.898704,583862,5196091,799.1907,23.36921331,127.9033767,6.784919191,69.7435767,23.34197426,500
183,46.914464,-121.903955,583460,5196242,778.8272,30.62924488,104.1956574,6.760175127,68.8327864,23.20199809,500
184,46.911879,-121.904677,583409,5195954,810.8727,27.76367157,78.96083042,6.770375053,68.93251741,23.20412558,500
185,46.907577,-121.898921,583854,5195482,920.966,18.3375837,58.57738442,6.521904206,69.48718612,23.37053999,500
186,46.904582,-121.905679,583344,5195142,1110.9293,24.45149122,16.22123353,5.873836099,69.37047601,23.50560289,500
187,46.902416,-121.905999,583323,5194901,1215.7723,25.05120546,45.45072782,5.427822776,69.37157172,23.69360378,500
188,46.89393,-121.89945,583835,5193965,1492.423,26.17457055,216.1492392,4.588241964,68.81942461,24.34629068,500
189,46.891181,-121.896172,584089,5193663,1465.7251,24.91539316,232.664162,4.356591692,69.27594028,24.57727248,500
190,46.89022,-121.897295,584005,5193555,1425.2861,24.1012269,247.7394272,4.350185215,69.23537618,24.61988843,500
191,46.890547,-121.901318,583698,5193587,1372.2788,22.55330901,297.5596022,4.604055819,69.03864726,24.71040827,500
192,46.887274,-121.901595,583682,5193223,1383.5249,22.27950178,320.2793909,4.551371329,69.15352267,24.89003407,500
193,46.916914,-121.892991,584291,5196526,847.1483,26.37684836,173.7133449,6.764192852,70.17167366,23.45622384,500
194,46.919979,-121.885192,584880,5196875,987.4003,20.43918919,242.8236404,6.076461449,69.59208985,24.2314734,500
195,46.921415,-121.878306,585402,5197042,1139.0382,14.44985376,232.5918344,5.817179929,68.60793281,24.59713557,500
196,46.922329,-121.873374,585776,5197149,1252.5787,17.88305494,221.8932111,5.531262925,67.90984456,24.97966066,500
197,46.926354,-121.871753,585893,5197598,1335.2572,13.45421834,233.6689908,4.904720179,68.30131558,25.32292891,500
198,46.75922,-121.533429,611996,5179452,988.5082,11.62515672,230.828183,6.812422255,98.22576342,15.21713812,500
199,46.760882,-121.519267,613074,5179657,1099.4937,15.15171519,242.2976121,5.57176781,103.2184368,16.22321786,1000
200,46.756189,-121.498838,614644,5179165,1219.0199,24.75494795,262.4305495,5.016055714,98.8517719,15.48181359,500
201,46.757119,-121.499074,614624,5179268,1241.3679,26.07760817,238.0762152,5.102700322,99.2589269,15.51531758,500
202,46.76335,-121.481653,615941,5179986,1467.3855,11.98074526,136.1778597,4.435990556,91.76101621,14.51172229,500
205,46.953981,-121.527866,612015,5201102,891.3288,19.66055257,187.6652204,5.986377405,54.07883461,10.05844339,500
210,46.840991,-121.915745,582675,5188065,1168.5781,30.68268623,215.388178,6.211657071,75.20940464,23.0335832,500
211,46.823685,-121.909931,583145,5186148,1204.8424,23.09157823,246.68836,6.427584152,87.04758531,21.99425784,500
212,46.837406,-121.906847,583359,5187676,1196.5017,24.82067925,221.5590963,6.112615409,78.61224921,22.56500724,500
213,46.836221,-121.903435,583621,5187548,1179.3718,24.03468012,177.2178023,5.957088192,80.10221519,22.47996921,500
214,46.835528,-121.896853,584124,5187478,1269.2435,23.03655451,203.0898355,5.586662205,87.49155363,22.18011727,500
215,46.834492,-121.880077,585405,5187381,1657.9794,20.08830915,290.9988625,4.163247147,103.5280835,22.25858627,500
216,46.834455,-121.885441,584996,5187371,1528.7294,25.75388422,262.7218295,4.584819937,99.96925241,22.22526852,500
217,46.835936,-121.895272,584244,5187525,1357.8669,27.8409759,208.584112,5.701934168,86.63514779,22.26559938,500
218,46.843852,-121.868236,586293,5188434,1189.7527,32.76819073,259.6043008,4.761376602,107.3149664,22.97084824,500
219,46.839917,-121.865302,586523,5188000,1390.653,25.86153468,183.9465533,4.042995311,115.5901557,22.86308357,500
220,46.841904,-121.868736,586258,5188217,1266.3121,29.77813509,274.72565,4.525175095,108.085936,22.67318384,500
221,46.806688,-121.885936,585002,5184285,1120.2848,19.90689416,235.6667778,5.80249635,105.8498461,20.56718851,500
222,46.811601,-121.869397,586256,5184849,1253.1523,26.84427568,271.8800685,4.659017012,117.4167427,20.87010717,500
223,46.80975,-121.877825,585616,5184634,1208.4884,21.66608762,273.2434512,5.39718265,111.4331974,20.66592943,500
225,46.840213,-121.539017,611402,5188444,955.6251,16.08675826,168.3034525,6.077714895,72.64337065,11.89725763,500
226,46.774741,-121.70468,598890,5180947,1250.7856,20.32453719,108.2080522,4.876558048,125.3096728,20.79987766,500
227,46.860261,-121.533947,611747,5190679,1327.4652,13.94992193,148.4403661,4.563978385,78.68684657,13.00291236,500
228,46.858586,-121.53453,611706,5190492,1288.3081,12.49181666,143.2710557,4.653558002,77.48792632,12.86908845,500
231,46.742049,-121.892675,584589,5177095,661.4678,3.85701146,222.5139215,7.769456884,77.10673414,18.26432144,1000
232,46.729174,-121.587276,607944,5176038,1129.4191,26.73545293,112.421943,6.636299777,88.96273337,13.51366729,500
233,46.796519,-121.776662,593357,5183279,1593.5835,26.48541833,243.0806283,3.412711865,138.4839193,21.69754209,500
234,46.786588,-121.782992,592891,5182168,1341.2386,28.08521901,158.5441198,4.599210665,117.153821,20.66426104,500
236,46.778518,-121.745683,595753,5181316,1466.391,14.84124982,260.983689,4.050515981,128.0135083,21.05819372,375
237,46.77043,-121.740134,596191,5180424,1506.0715,19.45366402,194.2161241,4.294653891,128.2569154,21.14888628,375
239,46.788249,-121.884115,585170,5182238,930.6906,17.02005117,151.6966314,6.589837871,99.31249685,19.98703483,375
240,46.772229,-121.878434,585629,5180464,811.1617,21.27937534,135.2099702,6.916527003,93.84395853,19.74021391,375
244,46.702856,-121.599461,607065,5173097,977.3284,18.42291281,223.4949805,7.125048284,85.12993513,13.04263557,500
245,46.713362,-121.598993,607080,5174265,1080.5748,18.98378002,218.1602646,7.072076815,85.57628519,13.08815784,500
246,46.814967,-121.559364,609902,5185610,828.2303,18.00487273,126.1654784,6.829223001,75.57614399,12.58099128,500
247,46.811714,-121.562636,609659,5185244,923.5792,20.21224544,136.8506156,6.830979156,75.67445291,12.6046544,500
248,46.813086,-121.56218,609691,5185397,917.173,19.81807342,131.9291235,6.784529901,75.53813335,12.59605853,500
249,46.709895,-121.596636,607267,5173883,1055.2235,18.58840605,209.7544146,7.103157507,85.04217422,13.03001909,500
250,46.719185,-121.597547,607179,5174914,1137.3918,19.4799923,242.7263351,6.970965769,87.05549855,13.27577857,500
251,46.726194,-121.594499,607398,5175697,1189.3596,17.50364356,160.6170611,6.67138033,88.38579357,13.48656581,500
252,46.730905,-121.591955,607583,5176224,1229.1007,18.41895012,165.8420792,6.302040605,89.91937147,13.65784842,500
253,46.921497,-121.521808,612544,5197501,1439.531,24.95523822,279.1406304,3.949056357,70.86327579,11.63676387,500
254,46.926466,-121.52049,612634,5198055,1425.6592,25.89682947,282.678785,4.271266661,66.61976144,11.29306573,500
255,46.735176,-121.6167,605684,5176665,850.4673,16.00550595,243.0163147,7.344698494,86.36418004,13.92051045,500
256,46.736752,-121.612327,606015,5176846,886.1927,14.59018974,250.107161,7.278482703,89.3749248,13.83487143,500
257,46.739477,-121.604037,606643,5177160,1042.037,13.6332456,261.7876703,6.78767637,93.62106559,13.92262251,500
258,46.796989,-121.549583,610685,5183626,889.9428,18.23729624,214.1385514,7.169014629,81.80563405,13.24435415,500
259,46.797181,-121.540588,611371,5183660,1037.5457,21.61730852,219.4344972,6.132181737,83.59710147,13.44039192,500
260,46.799922,-121.538942,611491,5183967,1229.7539,21.78868281,225.5929661,5.86648931,82.96022934,13.37822008,500
261,46.796816,-121.529014,612255,5183636,968.0737,23.49807174,188.6796561,5.952502236,83.44919944,13.38286775,375
262,46.795007,-121.529011,612259,5183435,911.3004,22.60329669,194.319456,6.04965981,83.75194081,13.42670964,500
263,46.79221,-121.536163,611719,5183114,939.7128,22.57867516,269.5968518,6.391472145,86.17300468,13.76829935,500
264,46.789722,-121.535772,611754,5182838,1162.4624,22.17248739,268.1528494,6.28816825,86.50418369,13.82117109,500
265,46.957699,-121.525175,612212,5201519,896.0643,28.84936982,227.4793731,5.800724848,55.46625285,10.24182986,500
267,46.768728,-121.776558,593413,5180191,1256.1447,27.81528719,198.6094598,5.419128574,109.0631177,20.30587437,500
268,46.781641,-121.781466,593016,5181620,1166.2434,18.64440837,180.4733343,5.11241446,112.050192,20.42100795,500
270,46.751177,-121.88835,584905,5178114,732.5922,19.43971662,195.7614029,7.289717688,81.36550044,18.88893284,500
271,46.833366,-121.901251,583792,5187233,1177.2316,17.90064566,268.2666128,5.805649154,86.18528778,22.18383043,500
272,46.905598,-121.540891,611124,5195707,1155.4458,24.6912026,299.9506369,4.904741913,71.45616053,12.53862689,500
273,46.899417,-121.563772,609394,5194988,1057.4816,14.60802616,160.7850627,5.244163847,76.64734216,13.08174225,500
274,46.835871,-121.520474,612825,5187988,1168.6685,22.43435416,225.4187705,5.077244689,73.69857244,11.55114941,500
275,46.722128,-121.57648,608783,5175270,541.4969,20.76740758,196.9547136,8.202549123,83.95630537,12.82376441,500
276,46.923843,-121.566141,609164,5197699,1602.6996,26.65243599,162.9872578,3.405235302,72.42259044,12.6135051,1000
277,46.892205,-121.551363,610354,5194204,1123.8711,14.59787211,185.7223359,5.143957212,80.70126409,13.68987268,1000
280,46.900697,-121.594408,607058,5195088,1275.4131,14.91932809,166.3586563,4.870791087,77.74248013,13.12951828,500
281,46.754375,-121.644858,603496,5178761,834.6764,20.99983787,121.3635433,6.902723104,89.23149938,14.69833207,500
282,46.753584,-121.641854,603727,5178677,810.3198,14.33397732,116.4919474,7.087695366,86.56759947,14.17062204,500
283,46.758042,-121.658175,602472,5179151,859.2394,18.24363524,153.5076831,6.591407887,95.5999581,16.32815544,500
285,46.736343,-121.645088,603513,5176757,835.981,24.78778309,119.5927824,7.139586414,88.95587818,14.74156904,500
286,46.735383,-121.644575,603554,5176651,832.9163,23.78965748,125.4123816,7.177264999,88.70655431,14.70482158,500
287,46.744409,-121.652164,602957,5177644,1147.3682,24.4408851,120.4461559,6.237908109,93.71932456,15.74501784,500
288,46.750871,-121.654465,602769,5178359,1144.1655,22.84406675,73.75083335,6.153845521,94.60717009,15.99827807,500
289,46.761147,-121.806849,591113,5179313,937.9786,6.442033804,221.5817757,6.36341823,89.65774372,19.5287591,1000
290,46.768654,-121.794136,592071,5180162,973.4153,19.57910916,183.6691274,5.870774703,99.82164519,19.9621281,500
291,46.768359,-121.795177,591992,5180128,969.027,22.39461722,178.0005948,5.844006723,99.52911835,19.94977228,500
294,46.970962,-121.720274,597344,5202732,1023.5375,15.6748521,198.8027305,5.402209075,72.42665606,17.43613983,500
295,46.969979,-121.724912,596993,5202617,1213.0438,22.49744265,81.87205136,4.874324522,73.47069633,18.32209846,500
296,46.971584,-121.736588,596102,5202781,1333.8867,18.87799141,68.82624351,4.358708877,81.17284838,20.56293508,500
297,46.970552,-121.711805,597989,5202697,1040.4412,12.86439739,311.1503245,5.687016416,72.79685283,16.49764942,500
298,46.972715,-121.706507,598388,5202944,1194.9811,21.44239737,288.9308102,5.223684127,72.38547944,16.33289771,500
299,46.968142,-121.707998,598283,5202434,1209.8384,21.49987286,263.0058171,5.364699539,72.58958065,16.51903813,500
300,46.965966,-121.69781,599062,5202205,1452.27,21.7211807,264.3781269,4.12142115,72.20278854,15.95511535,500
301,46.965463,-121.693918,599359,5202154,1516.1158,20.10724259,262.9609688,3.938043361,72.78717738,15.94232348,500
302,46.963463,-121.701709,598770,5201922,1369.7389,22.31321634,205.2828087,4.903974034,71.71901512,16.11717815,500
303,46.961094,-121.711861,598002,5201646,1032.8654,18.17403161,123.3426329,5.462273951,72.97190298,16.50788076,500
304,46.974215,-121.716686,597611,5203098,969.7715,9.207660828,296.5418538,5.86050928,71.94840496,16.76146065,500
305,46.978615,-121.712584,597915,5203592,949.2151,15.96183581,286.1564428,5.88339365,71.57387613,16.51007154,500
306,46.904392,-121.588246,607520,5195507,1398.2581,18.88969888,100.2658002,4.360258413,78.46035785,13.28605279,1000
307,46.900908,-121.651595,602702,5195035,1338.616,19.85030489,179.3182955,3.640773692,86.62794093,14.60411862,500
308,46.989663,-121.655243,602255,5204893,1530.6947,11.64112249,109.4528991,3.673281232,79.14703685,14.97079385,500
309,46.988536,-121.6604,601865,5204761,1634.199,23.40893931,90.71769682,3.439994631,80.39068375,15.39780208,500
310,46.968261,-121.673539,600904,5202491,1714.1884,3.00139394,114.343952,3.161443971,77.20233781,15.67904208,500
311,46.957654,-121.671436,601084,5201315,1684.7964,7.627811728,148.4370583,3.225505029,75.44748828,15.83620401,500
312,46.976704,-121.661379,601813,5203445,1567.6923,15.87303967,179.277815,3.533046614,78.04145408,15.26272488,500
313,46.98552,-121.651914,602516,5204437,1490.1152,9.367051222,189.8903612,3.749520823,78.44908057,14.80114004,500
314,46.905306,-121.646035,603117,5195531,1478.3114,19.41574436,142.7181358,3.532358562,83.26874984,14.4028398,500
315,46.907455,-121.648227,602946,5195767,1609.4893,20.25925365,140.0680962,3.219962483,83.16516702,14.4756034,500
316,46.758345,-121.820451,590079,5178986,1214.937,23.89577671,185.6337403,6.311614257,86.62082588,19.11721088,500
317,46.848968,-121.573906,608724,5189368,1367.4924,21.86710438,168.2366988,4.230377397,84.27598576,13.7733812,500
318,46.760169,-121.629588,604651,5179425,871.2132,12.27625053,157.1556387,7.101421289,88.46782316,14.29828181,500
319,46.762078,-121.628178,604755,5179639,933.3217,13.29025063,195.7797997,6.986185053,90.45455319,14.6049331,500
320,46.755128,-121.64992,603108,5178838,839.3727,22.66623633,120.9240209,6.621603245,93.07709615,15.67095669,500
324,46.77073,-121.725811,597284,5180475,1484.8864,16.54343038,96.52906308,3.822169732,131.754724,21.34452786,500
325,46.767381,-121.715203,598100,5180116,1457.2325,14.84025788,263.3497121,4.182064725,130.3649123,21.2249315,500
326,46.768653,-121.740542,596163,5180226,1456.1221,17.9080267,183.1834017,4.34817215,128.2533489,21.15160834,500
327,46.768218,-121.746839,595683,5180170,1486.3994,17.95216655,213.1230797,4.409962385,125.2939959,20.97686028,500
328,46.964077,-121.793997,591748,5201878,916.9876,36.47109884,197.8579056,5.978494405,69.50770886,25.73498268,500
329,46.964308,-121.780111,592804,5201920,1464.7531,25.09185778,271.507084,4.145054418,74.54185129,25.56297781,500
330,46.968104,-121.789358,592094,5202331,1347.3138,35.2554605,235.4793052,5.207518357,70.6643296,26.1160493,500
331,46.92902,-121.9177,582391,5197845,1197.4585,24.36403609,185.6992603,5.738721153,70.68974138,25.58983227,500
332,46.928667,-121.913648,582700,5197810,1181.199,24.97018079,234.993001,5.837751001,70.2928857,25.23918701,500
333,46.937419,-121.914128,582650,5198782,1338.9419,16.73773694,178.1384461,5.356778433,71.91835503,26.76245215,500
334,46.943271,-121.912604,582757,5199434,1413.2896,16.35932656,143.6828559,4.764845272,72.80067386,27.54943825,500
335,46.949667,-121.913315,582693,5200144,1259.4048,14.35963253,192.8715895,4.741421123,73.25208766,28.2996588,500
338,46.914997,-121.852752,587358,5196357,1337.5458,24.13937519,210.1140209,4.561842319,71.0282215,26.58415987,500
339,46.913297,-121.843806,588042,5196178,1504.6644,24.00123794,182.5735812,4.001947012,72.05915605,27.84077384,500
340,46.919258,-121.837964,588477,5196847,1688.0874,12.88491622,246.7193566,3.13494082,71.17015575,29.53604136,500
341,46.912752,-121.845157,587940,5196116,1451.3915,24.10249803,170.8142995,4.082795468,72.11239803,27.70038095,1000
342,46.919945,-121.901177,583663,5196854,1071.6041,32.64080252,217.9989474,6.270664379,69.52949158,23.93017946,500
343,46.922456,-121.892837,584294,5197142,1243.7141,26.47054405,261.1130345,5.76072135,70.03070245,24.38297108,500
345,46.994224,-121.765331,593876,5205262,1158.8643,11.06892234,217.5450174,5.394836409,85.13061976,24.55821888,500
346,46.993136,-121.759582,594315,5205148,1274.9768,25.70769921,248.9167125,4.704897839,89.03404038,23.80772059,500
347,46.992363,-121.757233,594495,5205065,1356.5524,29.02516324,253.4671663,4.620507774,89.65623071,23.71100682,500
348,46.99219,-121.767811,593691,5205033,1126.0503,10.36371379,171.9176812,5.322469605,83.90625123,24.75014912,500
349,46.802688,-121.863516,586719,5183865,1187.8405,21.40163526,253.634245,5.313166719,114.1963374,20.70208969,500
350,46.80471,-121.847039,587973,5184108,1301.6753,32.41666111,247.7715033,4.229134089,126.9513309,21.26790902,250
351,46.803198,-121.845197,588116,5183942,1356.7472,33.58741347,255.4953233,4.226766027,127.4074812,21.2815617,500
352,46.799005,-121.845287,588116,5183476,1496.712,28.50604053,262.0562675,3.897891348,125.7047504,21.16622921,500
353,46.781791,-121.833904,589013,5181576,1514.9784,20.69488322,141.8758555,4.033677629,117.5305401,20.75163969,500
354,46.776428,-121.808581,590955,5181009,1123.2354,9.944200835,207.5697395,5.677589527,102.582091,20.0962363,250
355,46.736562,-121.853663,587578,5176528,736.3184,8.303078526,206.4550714,7.494256091,79.88695922,18.10185933,250
356,46.739484,-121.917088,582728,5176784,613.0239,18.11537499,210.0929457,7.715107964,75.23989808,18.2658191,500
357,46.903488,-121.594532,607043,5195398,1443.8732,15.81709864,109.2393788,4.06565711,78.94451374,13.37386354,500
358,46.767131,-121.877086,585740,5179899,775.8363,20.07169713,157.4492837,7.081927053,89.22525428,19.58472711,500
359,46.847686,-121.875592,585726,5188852,1087.4966,40.89799219,266.4542717,5.256953549,93.43793556,23.10091459,500
360,46.855795,-121.892306,584439,5189735,1205.6613,17.54783522,237.5996658,5.714847372,77.59785226,23.88035034,500
361,46.85666,-121.894269,584288,5189829,1215.8945,17.92348743,240.805019,5.705658227,77.00683262,23.90914861,250
362,46.863505,-121.897645,584020,5190586,1376.6881,21.59464082,224.0592075,4.769396872,73.86363224,24.7708641,500
363,46.866343,-121.891473,584486,5190908,1488.2883,16.92068438,240.9433029,4.033460589,76.0107417,25.28721858,500
364,46.90028,-121.908484,583137,5194661,1358.4231,24.95337131,49.58001602,5.176731145,69.68304959,23.78362105,500
365,46.895505,-121.901295,583692,5194138,1476.4813,23.95422531,171.6329816,4.912966516,69.05801295,24.19304736,250
366,46.895486,-121.897423,583987,5194140,1458.2054,28.90347308,128.974305,4.961470297,69.09411356,24.14761293,500
367,46.906252,-121.549225,610488,5195768,1033.1575,5.083425851,111.8119361,5.779877927,69.07782808,12.14431969,500
368,46.912102,-121.577892,608293,5196378,1498.4471,24.17726465,117.7942898,3.659296192,77.31302343,13.3129469,500
369,46.927576,-121.592129,607178,5198078,1753.4641,12.66910865,152.8817389,2.820547028,80.02439124,14.29718655,500
370,46.928507,-121.588085,607484,5198187,1649.1097,14.79603268,117.6249354,2.913666964,79.22504643,14.14147059,500
371,46.912855,-121.580564,608088,5196458,1523.4773,24.93619428,100.4927629,3.567998631,77.6389408,13.37235702,500
372,46.76692,-121.732751,596761,5180043,1555.9945,17.90877289,57.95968182,3.913589313,131.2053128,21.26127374,500
373,46.776856,-121.755035,595042,5181120,1389.2062,12.61503107,229.0765693,4.742545236,120.8754986,20.63168619,500
374,46.771368,-121.77435,593577,5180487,1291.967,25.16878634,217.7902797,5.515109561,109.1744954,20.30776454,250
375,46.783096,-121.761992,594500,5181805,1213.0701,21.72149417,231.749219,4.684214363,120.3947727,20.65815086,500
376,46.775665,-121.649223,603122,5181121,972.9499,10.88249402,88.77964095,6.237776561,92.91857998,15.75509605,500
377,46.78043,-121.668807,601618,5181625,1191.2977,28.76103549,203.2875946,4.683882832,110.3515487,18.42644782,500
378,46.787354,-121.674492,601171,5182387,1450.3428,27.06939934,184.4781591,4.443362326,119.7120779,19.74192025,500
379,46.735985,-121.560461,609979,5176832,675.6238,20.86454356,294.8657344,7.818697233,87.71817125,13.4759429,500
380,46.814515,-121.475862,616273,5185680,1532.1661,20.77428945,204.9099306,3.558238516,77.0816629,12.29177164,500
381,46.811942,-121.476603,616222,5185393,1531.1693,18.72190972,218.3796582,3.630601239,77.02768088,12.28965291,500
382,46.805477,-121.479,616053,5184671,1408.473,22.33647441,187.4675069,4.347446026,76.69821438,12.22178076,500
383,46.801794,-121.470075,616742,5184275,1507.7358,22.83604815,262.7835547,3.696100445,77.60664953,12.39443716,500
384,46.793034,-121.4644,617194,5183310,1450.4163,20.5786235,333.7957548,3.886161678,78.17976519,12.60994505,500
385,46.791098,-121.475776,616330,5183078,1472.5483,25.4189891,279.1019815,4.79263452,79.9733909,12.76305876,500
386,46.773181,-121.463039,617341,5181106,1426.6823,17.44795108,250.46653,4.026965872,83.7599501,13.25867587,500
387,46.758968,-121.483728,615792,5179496,1413.2689,12.91174456,230.4379073,4.603142709,92.63173754,14.64692591,500
389,46.808915,-121.573379,608845,5184918,813.0984,18.46803456,179.6575202,6.91179748,74.00696932,12.54340621,500
390,46.764626,-121.48962,615330,5180116,1634.6985,17.2208162,105.2890916,4.108775724,94.12050324,14.83041187,500
391,46.770535,-121.503757,614238,5180752,1576.6958,21.61033519,193.7753966,4.150428367,96.78978102,15.20779164,500
392,46.783695,-121.530393,612177,5182176,1349.9778,14.00083153,275.0920945,5.082066172,90.57920657,14.40935072,500
393,46.782849,-121.51991,612979,5182097,1430.5094,16.60814445,232.1750003,4.816745647,91.48126047,14.68134538,500
394,46.771058,-121.4631,617341,5180870,1393.6016,14.78032959,260.8185652,4.051593033,84.11895537,13.29846774,500
395,46.760376,-121.488756,615405,5179645,1434.0295,19.74410949,181.1114704,4.515037878,94.9970168,14.94931016,1000
396,46.754848,-121.493415,615061,5179024,1245.8871,21.74089037,265.5415073,4.972993838,98.12710555,15.39934542,500
397,46.811789,-121.576528,608599,5185233,859.9348,24.20430017,168.5445645,6.610582421,73.71349936,12.6218388,500
398,46.81276,-121.579307,608385,5185337,886.1879,27.56987713,150.4795135,6.493228784,73.91878159,12.65987322,500
399,46.814711,-121.577762,608499,5185556,993.0237,29.6575113,171.2479932,6.321392939,73.58647785,12.65382446,500
400,46.751088,-121.561355,609880,5178509,650.8939,13.71216231,219.1164991,7.954679833,87.92983965,13.41906775,500
408,46.984933,-121.856832,586934,5204124,894.0178,27.28397823,100.9122857,6.849201145,66.13719184,24.27390623,500
409,46.949239,-121.799219,591376,5200223,994.2853,24.05844321,96.57957912,5.46990806,72.18450782,25.58472094,500
410,46.994368,-121.838468,588315,5205193,847.5257,21.13654289,213.1877732,7.047785029,65.13424998,24.13788874,500
411,46.922355,-121.648784,602875,5197422,1914.2496,17.71464183,195.2965775,2.181014984,84.06845542,15.08069361,500
412,46.928862,-121.64045,603497,5198156,1761.5784,12.31674842,120.2191948,2.554091566,83.1285937,14.93901214,500
413,46.932743,-121.642138,603361,5198585,1701.881,13.51716302,213.0864356,2.722490792,82.50417137,14.77327205,500
414,46.742773,-121.789097,592500,5177292,1275.4935,31.94677139,182.1381913,5.220229107,103.684302,20.17424722,500
415,46.741655,-121.783795,592907,5177174,1321.4335,27.63164076,216.6373859,4.762570346,111.3386132,20.44816136,500
416,46.738721,-121.780431,593169,5176852,1318.3595,19.97344042,221.1800664,4.629319951,114.0059099,20.54119715,500
417,46.797319,-121.903571,583671,5183225,1296.8381,19.02120114,92.77932422,5.267142777,103.1601138,20.94782509,500
418,46.792675,-121.910086,583181,5182702,1471.9088,21.27650437,122.8670651,4.53577097,104.3412349,21.14767347,500
421,46.752384,-121.907062,583474,5178228,878.5503,17.60883527,212.9681786,7.013278341,80.7647183,19.04099151,500
422,46.950541,-121.529065,611931,5200718,943.514,13.49588056,217.168335,5.859192135,53.95523307,10.10110364,500
423,46.945055,-121.523078,612398,5200117,1118.069,25.94959659,293.5823144,5.122540341,58.41689789,10.57579012,500
424,46.942988,-121.519075,612707,5199893,1299.6578,28.96901749,304.4648689,4.379242228,64.31153412,11.15064588,500
425,46.970135,-121.530079,611813,5202894,996.8398,23.36996438,259.7134126,5.686654806,55.5130753,9.929068789,500
426,46.970153,-121.529316,611871,5202897,1047.5382,24.21219112,260.525652,5.617522223,55.57267379,9.94672167,500
427,46.971427,-121.52134,612475,5203050,1441.8368,26.65065557,260.5172933,4.697289968,56.87725482,10.30905426,500
430,46.769006,-121.805353,591214,5180188,1222.2806,12.18540168,204.6854672,5.906698374,95.17675135,19.76370084,500
431,46.756343,-121.821791,589980,5178762,1224.5856,23.74486769,185.9051021,6.341943101,86.44005385,19.06163784,500
432,46.901321,-121.568514,609029,5195193,1052.2664,10.4167826,114.8026196,5.36962169,76.41385929,13.01848335,500
434,46.804232,-121.910337,583144,5183986,1282.7555,27.26428155,87.48715612,5.3378038,100.2743616,21.35466317,500
435,46.809659,-121.909415,583206,5184590,1090.3345,30.05150083,70.73500416,6.13763433,98.69008491,21.23197545,500
436,46.833701,-121.894924,584274,5187277,1215.8236,22.5100515,208.016049,5.295416464,93.70305907,21.98817121,500
437,46.827353,-121.892746,584450,5186574,1296.49,16.71267431,155.9522333,4.919242674,102.3839791,21.69802062,500
439,46.767726,-121.627118,604825,5180268,1017.8848,12.45913351,251.9557769,6.842047175,92.00680905,15.00555524,500
441,46.782202,-121.822209,589905,5181635,1331.4507,27.68815847,164.5252343,4.982198248,113.0689304,20.57374688,500
442,46.783002,-121.812497,590645,5181735,1257.9867,22.44081444,163.3805245,5.3165948,110.3245623,20.45991643,500
444,46.921118,-121.705241,598579,5197212,1837.178,21.17041315,187.020032,2.188977327,85.27919825,18.87657425,500
445,46.921171,-121.717914,597614,5197202,1724.1854,24.52953044,256.5447776,3.215200855,84.16653516,18.56582367,500
446,46.9382,-121.567912,609000,5199292,1391.8132,23.38141861,174.6705758,3.486672222,76.77406844,13.31723558,500
447,46.94889,-121.550609,610295,5200504,1193.3741,19.98660069,126.3052011,4.353652439,72.42995535,12.86706347,500
448,46.831541,-121.507192,613847,5187526,1329.8304,22.86191075,174.5365621,4.518377544,75.99381491,11.84181963,500
450,46.728609,-121.720587,597759,5175801,969.1127,34.03638973,193.7874975,5.610054696,116.2431901,20.44180708,500
451,46.73727,-121.720107,597780,5176764,1298.4747,30.5457608,236.124761,5.382059596,119.4426322,20.61480585,500
452,46.763823,-121.673878,601262,5179773,928.3943,31.08866436,125.7715958,6.09351758,104.3967944,17.71492921,500
453,46.76122,-121.666753,601811,5179493,879.9417,32.29008811,76.77733615,6.337091234,99.75680394,16.96978941,500
454,46.702446,-121.599746,607044,5173051,960.3618,18.4197596,223.4542911,7.125458634,85.14800475,13.04457847,500
455,46.700436,-121.603147,606788,5172823,851.3297,18.49401421,225.7513562,7.124021161,85.28096639,13.05923681,500
456,46.856998,-121.896689,584103,5189864,1202.104,18.78521218,244.5031336,5.767741804,76.16605906,23.86624843,500
457,46.813583,-121.519355,612957,5185513,1399.9166,18.21266817,80.6478229,4.120879122,76.75783397,12.36543166,500
458,46.823912,-121.51637,613163,5186665,1212.9229,18.62968661,193.2635074,5.049505415,74.48163017,11.70166317,500
459,46.786652,-121.8763,585769,5182069,1081.9225,8.845157065,160.6511449,6.59499475,98.69412901,19.94009736,500
460,46.792362,-121.861336,586902,5182720,1371.0905,30.27771053,263.7493113,4.696617889,109.8213001,20.45200709,500
461,46.782565,-121.823394,589814,5181674,1359.9286,27.71434853,147.2093785,4.600489002,116.4076207,20.71378826,500
462,46.755933,-121.786904,592645,5178757,1465.2889,34.73324622,283.5356623,4.453724185,105.4539878,20.19744191,500
463,46.900568,-121.857747,587001,5194748,1516.1403,11.47538817,219.0781499,3.904899003,75.0445436,25.49083931,500
464,46.89289,-121.883062,585085,5193867,1097.1438,31.59137311,69.87291783,6.15470517,71.00068338,23.73831819,500
465,46.935578,-121.893907,584192,5198599,1226.0916,19.84856442,239.8757973,5.140581636,70.87079473,26.79961527,500
466,46.739797,-121.843318,588363,5176899,856.805,12.56560131,245.8596541,7.19092367,81.61537477,18.12211804,500
467,46.892541,-121.632061,604206,5194131,1733.2809,22.18210185,55.70168963,2.681765702,86.36947872,14.53463345,500
468,46.897284,-121.622383,604934,5194671,1269.8947,20.43344971,119.5309694,3.991566329,81.07790866,13.76425725,500
469,46.944639,-121.800859,591259,5199710,1356.5925,25.22489747,90.88023655,4.799480586,73.04226828,25.50903,500
470,46.958873,-121.835451,588603,5201252,1175.2701,27.73831943,315.3986102,4.98812546,69.03836831,26.20461597,500
471,46.951222,-121.873925,585688,5200359,1463.4584,31.37867453,172.0888829,4.132362674,70.69886273,27.05709478,500
472,46.945335,-121.871933,585849,5199707,1344.0536,23.89327261,234.0338592,4.303919736,70.34715656,26.73301131,500
473,46.969623,-121.781462,592692,5202509,1603.5303,26.00801179,228.2271778,4.036342722,73.55964188,26.12230115,500
474,46.988218,-121.802318,591074,5204551,1442.8254,20.32529046,199.5595415,4.164755569,70.3662003,27.24350844,500
475,46.991739,-121.808526,590596,5204935,1262.6241,20.29418762,77.27452467,4.790704355,69.01888402,27.27734343,500
476,46.975823,-121.909025,582979,5203055,1444.3981,24.01910694,235.1548772,4.611520802,71.32096695,26.20858494,500
477,46.989453,-121.904987,583265,5204574,846.5198,37.18266482,157.962609,6.754863589,65.74514393,23.87974014,500
478,46.992089,-121.90488,583269,5204867,702.9543,35.98108437,139.9053616,7.051234143,65.24939009,23.57204239,500
479,46.778597,-121.752912,595201,5181316,1415.7506,11.63236852,239.7714358,4.471272112,123.8541108,20.7498608,500
480,46.814201,-121.610205,606025,5185455,1475.2732,29.07496172,78.08671641,4.323697716,82.44470904,13.63031132,500
481,46.80819,-121.597712,606990,5184804,1260.5878,22.44889131,109.9264722,5.311178538,82.69448673,13.53949658,500
482,46.767794,-121.550917,610643,5180380,668.4863,10.29143191,243.9113035,7.783929181,89.67000956,13.67625614,500
483,46.88915,-121.68128,600463,5193690,1687.9529,16.03727646,60.56316665,3.070306473,98.14164625,15.476138,500
484,46.899512,-121.656383,602340,5194874,1368.18,27.35792675,214.101407,3.597698527,88.45798835,14.68780091,375
485,46.976743,-121.737689,596009,5203353,1382.6794,19.476154,89.76627167,4.28101661,83.90184746,21.10137555,500
486,46.975586,-121.734758,596234,5203228,1331.2579,17.87065829,99.15032549,4.472004513,79.67135942,19.99849227,500
487,46.943563,-121.752319,594955,5199648,1817.8107,20.78384102,181.6739346,2.468487783,94.56462042,22.61475385,500
488,46.974639,-121.754291,594750,5203099,1607.6963,23.50704195,177.8541834,3.82768815,86.8891038,24.34927878,500
489,46.98599,-121.74882,595146,5204367,1502.4672,18.50324699,133.2000602,4.033937308,90.48187161,22.98204796,500
490,46.954316,-121.671531,601083,5200944,1563.022,7.326952922,171.4509093,3.28884295,75.23645397,15.90489046,500
491,46.951198,-121.660307,601943,5200612,1501.1371,18.36789534,35.40207609,3.533676548,73.61955844,15.20470409,500
492,46.944067,-121.585245,607669,5199920,1722.6454,12.58782659,172.4440099,2.922560927,79.76301414,14.44799155,500
493,46.953943,-121.555243,609932,5201059,1528.3857,25.2834274,99.27197378,4.065415792,72.11959416,13.11440857,500
494,46.954455,-121.611966,605615,5201038,1893.2743,17.58153182,198.2657828,2.644205757,80.51086813,14.68380307,500
495,46.98224,-121.548511,610386,5204213,1174.7518,24.84281651,65.01538178,5.365212348,63.55031521,11.77545563,500
497,46.776917,-121.664584,601947,5181240,1330.7153,24.97215218,280.0086685,4.884768402,104.2380008,17.54889961,500
498,46.799308,-121.552181,610482,5183880,811.8652,17.46082247,207.1453042,7.12574309,81.36041952,13.16138849,500
499,46.794916,-121.548603,610764,5183397,900.501,19.50538931,218.6535015,7.19921929,82.93985757,13.4203832,500
500,46.796325,-121.541227,611324,5183564,993.9539,19.84844525,224.6019996,6.51980687,83.82274768,13.48666965,500
501,46.798303,-121.536155,611707,5183791,1064.7405,23.91813734,230.9734264,6.010514742,83.6450188,13.44147442,500
502,46.801967,-121.538349,611532,5184195,1351.5173,20.79987324,218.083561,5.627144011,81.9157233,13.24577875,500
503,46.770809,-121.80919,590918,5180384,1175.859,7.936366815,244.289132,5.847975485,97.45587872,19.86426168,500
504,46.765011,-121.814163,590548,5179734,1189.6367,13.58598651,236.7539499,6.10207178,91.35056126,19.57165739,500
505,46.757647,-121.821658,589988,5178907,1244.0885,23.36015482,196.2397805,6.3134707,86.61651757,19.10669908,500
506,46.757266,-121.821417,590007,5178865,1245.2637,23.59485723,190.436075,6.324657787,86.55341474,19.09223969,500
507,46.755118,-121.823481,589853,5178624,1231.2767,23.9620117,181.271486,6.355094516,86.24879263,19.00969048,500
508,46.774257,-121.765915,594216,5180818,1377.359,26.64990986,269.9233717,5.054234023,113.7313784,20.39813944,500
516,46.870594,-121.9012,583738,5191370,1600.8309,17.89373325,211.6803586,4.038563021,70.14039127,25.23872474,500
517,46.868865,-121.901983,583681,5191177,1576.4291,18.42050478,207.7028107,4.087073733,70.27799223,25.21034036,500